graph_index,exact_duplicate_routes,routes_with_repeated_nodes,routes_with_self_loops,overlapping_edges,overlapping_edge_usages
0,0,0,0,19,41
1,0,0,0,10,39
2,0,0,0,13,32
3,0,0,0,17,46
4,0,0,0,15,43
5,0,0,0,9,19
6,0,0,0,13,37
7,0,0,0,16,46
8,0,0,0,9,29
9,0,0,0,19,41
10,0,0,0,6,17
11,0,0,0,5,10
12,0,0,0,11,23
13,0,0,0,11,27
14,0,0,0,10,23
15,0,0,0,11,23
16,0,0,0,7,18
17,0,0,0,7,21
18,0,0,0,12,29
19,0,0,0,7,15
20,0,0,0,5,10
21,0,0,0,10,25
22,0,0,0,9,18
23,0,0,0,8,21
24,0,0,0,21,56
25,0,0,0,9,25
26,0,0,0,20,52
27,0,0,0,15,40
28,0,0,0,21,50
29,0,0,0,10,23
30,0,0,0,5,16
31,0,0,0,14,39
32,0,0,0,18,43
33,0,0,0,6,14
34,0,0,0,6,12
35,0,0,0,22,52
36,0,0,0,14,33
37,0,0,0,14,36
38,0,0,0,17,42
39,0,0,0,14,35
40,0,0,0,13,42
41,0,0,0,5,10
42,0,0,0,7,25
43,0,0,0,14,43
44,0,0,0,7,15
45,0,0,0,9,19
46,0,0,0,3,6
47,0,0,0,8,24
48,0,0,0,11,30
49,0,0,0,21,48
50,0,0,0,13,33
51,0,0,0,6,14
52,0,0,0,10,21
53,0,0,0,19,49
54,0,0,0,20,52
55,0,0,0,10,20
56,0,0,0,15,41
57,0,0,0,17,47
58,0,0,0,10,28
59,0,0,0,13,47
60,0,0,0,11,39
61,0,0,0,23,60
62,0,0,0,11,30
63,0,0,0,22,50
64,0,0,0,14,34
65,0,0,0,10,21
66,0,0,0,12,34
67,0,0,0,11,25
68,0,0,0,11,34
69,0,0,0,13,27
70,0,0,0,7,16
71,0,0,0,10,30
72,0,0,0,22,53
73,0,0,0,20,56
74,0,0,0,8,19
75,0,0,0,10,20
76,0,0,0,8,19
77,0,0,0,14,34
78,0,0,0,14,37
79,0,0,0,18,54
80,0,0,0,13,29
81,0,0,0,18,48
82,0,0,0,10,29
83,0,0,0,21,52
84,0,0,0,10,24
85,0,0,0,6,14
86,0,0,0,10,23
87,0,0,0,17,44
88,0,0,0,7,18
89,0,0,0,16,43
90,0,0,0,15,49
91,0,0,0,12,30
92,0,0,0,11,36
93,0,0,0,19,42
94,0,0,0,19,61
95,0,0,0,6,14
96,0,0,0,6,14
97,0,0,0,19,53
98,0,0,0,15,48
99,0,0,0,8,18
100,0,0,0,5,13
101,0,0,0,17,48
102,0,0,0,15,42
103,0,0,0,11,22
104,0,0,0,9,24
105,0,0,0,19,48
106,0,0,0,9,22
107,0,0,0,16,40
108,0,0,0,18,39
109,0,0,0,14,38
110,0,0,0,11,29
111,0,0,0,17,42
112,0,0,0,12,30
113,0,0,0,11,27
114,0,0,0,4,10
115,0,0,0,22,62
116,0,0,0,10,20
117,0,0,0,11,28
118,0,0,0,13,39
119,0,0,0,12,33
120,0,0,0,16,53
121,0,0,0,7,18
122,0,0,0,13,42
123,0,0,0,7,15
124,0,0,0,8,19
125,0,0,0,23,71
126,0,0,0,10,24
127,0,0,0,10,37
128,0,0,0,8,20
129,0,0,0,12,27
130,0,0,0,16,36
131,0,0,0,16,44
132,0,0,0,19,52
133,0,0,0,15,39
134,0,0,0,13,35
135,0,0,0,12,29
136,0,0,0,17,41
137,0,0,0,11,30
138,0,0,0,10,20
139,0,0,0,18,41
140,0,0,0,21,49
141,0,0,0,4,8
142,0,0,0,12,29
143,0,0,0,11,37
144,0,0,0,16,38
145,0,0,0,13,31
146,0,0,0,14,44
147,0,0,0,8,17
148,0,0,0,11,31
149,0,0,0,15,48
150,0,0,0,13,52
151,0,0,0,12,34
152,0,0,0,9,24
153,0,0,0,12,36
154,0,0,0,18,60
155,0,0,0,17,50
156,0,0,0,19,50
157,0,0,0,17,36
158,0,0,0,9,24
159,0,0,0,25,64
160,0,0,0,17,36
161,0,0,0,15,48
162,0,0,0,12,27
163,0,0,0,15,56
164,0,0,0,21,64
165,0,0,0,3,6
166,0,0,0,7,15
167,0,0,0,20,55
168,0,0,0,11,25
169,0,0,0,13,32
170,0,0,0,19,46
171,0,0,0,16,39
172,0,0,0,10,23
173,0,0,0,14,47
174,0,0,0,10,36
175,0,0,0,13,28
176,0,0,0,5,13
177,0,0,0,17,48
178,0,0,0,16,33
179,0,0,0,10,21
180,0,0,0,9,26
181,0,0,0,22,54
182,0,0,0,16,42
183,0,0,0,6,14
184,0,0,0,14,38
185,0,0,0,14,51
186,0,0,0,7,15
187,0,0,0,17,49
188,0,0,0,14,54
189,0,0,0,15,42
190,0,0,0,12,24
191,0,0,0,9,31
192,0,0,0,8,20
193,0,0,0,12,29
194,0,0,0,12,30
195,0,0,0,7,17
196,0,0,0,8,19
197,0,0,0,16,38
198,0,0,0,7,14
199,0,0,0,21,57
200,0,0,0,16,37
201,0,0,0,4,9
202,0,0,0,9,24
203,0,0,0,12,25
204,0,0,0,11,31
205,0,0,0,16,38
206,0,0,0,14,36
207,0,0,0,10,24
208,0,0,0,8,17
209,0,0,0,7,18
210,0,0,0,16,50
211,0,0,0,8,18
212,0,0,0,10,22
213,0,0,0,12,27
214,0,0,0,17,42
215,0,0,0,5,10
216,0,0,0,9,28
217,0,0,0,7,15
218,0,0,0,7,18
219,0,0,0,11,27
220,0,0,0,10,26
221,0,0,0,6,16
222,0,0,0,17,54
223,0,0,0,12,24
224,0,0,0,12,27
225,0,0,0,3,10
226,0,0,0,9,21
227,0,0,0,19,45
228,0,0,0,4,9
229,0,0,0,11,27
230,0,0,0,20,56
231,0,0,0,8,16
232,0,0,0,14,38
233,0,0,0,16,36
234,0,0,0,13,32
235,0,0,0,11,23
236,0,0,0,10,22
237,0,0,0,15,43
238,0,0,0,20,43
239,0,0,0,7,19
240,0,0,0,10,27
241,0,0,0,16,38
242,0,0,0,6,12
243,0,0,0,9,28
244,0,0,0,15,42
245,0,0,0,7,18
246,0,0,0,14,48
247,0,0,0,7,14
248,0,0,0,2,4
249,0,0,0,9,22
250,0,0,0,12,36
251,0,0,0,16,43
252,0,0,0,6,15
253,0,0,0,7,17
254,0,0,0,18,49
255,0,0,0,11,25
256,0,0,0,13,36
257,0,0,0,9,21
258,0,0,0,7,20
259,0,0,0,19,53
260,0,0,0,6,16
261,0,0,0,10,30
262,0,0,0,11,25
263,0,0,0,9,24
264,0,0,0,7,19
265,0,0,0,12,29
266,0,0,0,12,25
267,0,0,0,9,18
268,0,0,0,17,51
269,0,0,0,11,29
270,0,0,0,15,52
271,0,0,0,7,21
272,0,0,0,13,27
273,0,0,0,11,30
274,0,0,0,14,29
275,0,0,0,9,29
276,0,0,0,8,25
277,0,0,0,10,23
278,0,0,0,14,37
279,0,0,0,12,28
280,0,0,0,11,26
281,0,0,0,9,22
282,0,0,0,6,13
283,0,0,0,3,7
284,0,0,0,13,30
285,0,0,0,9,19
286,0,0,0,8,18
287,0,0,0,10,24
288,0,0,0,8,18
289,0,0,0,17,53
290,0,0,0,15,35
291,0,0,0,16,39
292,0,0,0,15,37
293,0,0,0,10,26
294,0,0,0,8,17
295,0,0,0,12,34
296,0,0,0,12,26
297,0,0,0,11,24
298,0,0,0,9,29
299,0,0,0,17,42
300,0,0,0,8,18
301,0,0,0,3,9
302,0,0,0,14,34
303,0,0,0,15,34
304,0,0,0,12,31
305,0,0,0,15,31
306,0,0,0,4,8
307,0,0,0,14,30
308,0,0,0,6,14
309,0,0,0,16,39
310,0,0,0,9,21
311,0,0,0,13,33
312,0,0,0,13,28
313,0,0,0,10,21
314,0,0,0,12,28
315,0,0,0,9,25
316,0,0,0,11,26
317,0,0,0,5,10
318,0,0,0,4,9
319,0,0,0,6,14
320,0,0,0,14,35
321,0,0,0,4,13
322,0,0,0,10,21
323,0,0,0,12,33
324,0,0,0,20,49
325,0,0,0,11,30
326,0,0,0,19,49
327,0,0,0,17,48
328,0,0,0,19,57
329,0,0,0,10,24
330,0,0,0,15,40
331,0,0,0,11,23
332,0,0,0,11,43
333,0,0,0,16,50
334,0,0,0,8,20
335,0,0,0,9,21
336,0,0,0,12,34
337,0,0,0,5,11
338,0,0,0,21,46
339,0,0,0,3,6
340,0,0,0,10,39
341,0,0,0,17,40
342,0,0,0,5,15
343,0,0,0,8,19
344,0,0,0,5,11
345,0,0,0,3,7
346,0,0,0,15,40
347,0,0,0,2,4
348,0,0,0,7,18
349,0,0,0,8,20
350,0,0,0,14,43
351,0,0,0,16,41
352,0,0,0,3,6
353,0,0,0,13,37
354,0,0,0,9,22
355,0,0,0,15,36
356,0,0,0,1,2
357,0,0,0,19,54
358,0,0,0,14,31
359,0,0,0,13,31
360,0,0,0,24,64
361,0,0,0,13,40
362,0,0,0,14,49
363,0,0,0,14,34
364,0,0,0,13,38
365,0,0,0,9,21
366,0,0,0,15,39
367,0,0,0,9,22
368,0,0,0,8,24
369,0,0,0,13,50
370,0,0,0,15,63
371,0,0,0,14,35
372,0,0,0,13,30
373,0,0,0,12,30
374,0,0,0,5,11
375,0,0,0,10,23
376,0,0,0,6,15
377,0,0,0,14,34
378,0,0,0,12,34
379,0,0,0,10,22
380,0,0,0,9,23
381,0,0,0,10,26
382,0,0,0,13,33
383,0,0,0,3,6
384,0,0,0,13,28
385,0,0,0,16,41
386,0,0,0,6,13
387,0,0,0,13,32
388,0,0,0,6,15
389,0,0,0,19,49
390,0,0,0,17,38
391,0,0,0,9,26
392,0,0,0,18,41
393,0,0,0,19,47
394,0,0,0,9,18
395,0,0,0,16,41
396,0,0,0,4,8
397,0,0,0,16,38
398,0,0,0,13,34
399,0,0,0,15,44
400,0,0,0,12,26
401,0,0,0,18,43
402,0,0,0,23,66
403,0,0,0,5,14
404,0,0,0,12,30
405,0,0,0,11,37
406,0,0,0,5,10
407,0,0,0,9,18
408,0,0,0,10,29
409,0,0,0,8,17
410,0,0,0,11,34
411,0,0,0,5,13
412,0,0,0,11,33
413,0,0,0,7,14
414,0,0,0,12,24
415,0,0,0,22,49
416,0,0,0,17,43
417,0,0,0,8,28
418,0,0,0,20,58
419,0,0,0,5,14
420,0,0,0,20,52
421,0,0,0,13,32
422,0,0,0,17,42
423,0,0,0,19,58
424,0,0,0,9,18
425,0,0,0,19,46
426,0,0,0,9,22
427,0,0,0,4,10
428,0,0,0,17,44
429,0,0,0,16,43
430,0,0,0,12,39
431,0,0,0,15,35
432,0,0,0,17,45
433,0,0,0,11,31
434,0,0,0,16,41
435,0,0,0,14,35
436,0,0,0,5,10
437,0,0,0,15,43
438,0,0,0,13,31
439,0,0,0,19,56
440,0,0,0,16,41
441,0,0,0,7,15
442,0,0,0,12,29
443,0,0,0,16,44
444,0,0,0,15,34
445,0,0,0,9,20
446,0,0,0,4,8
447,0,0,0,8,19
448,0,0,0,20,52
449,0,0,0,13,54
450,0,0,0,7,20
451,0,0,0,7,14
452,0,0,0,14,41
453,0,0,0,5,10
454,0,0,0,11,25
455,0,0,0,19,60
456,0,0,0,4,10
457,0,0,0,15,41
458,0,0,0,14,46
459,0,0,0,16,45
460,0,0,0,14,32
461,0,0,0,4,9
462,0,0,0,13,34
463,0,0,0,17,40
464,0,0,0,24,55
465,0,0,0,7,16
466,0,0,0,5,12
467,0,0,0,13,32
468,0,0,0,4,8
469,0,0,0,12,45
470,0,0,0,15,37
471,0,0,0,11,25
472,0,0,0,6,14
473,0,0,0,10,30
474,0,0,0,16,39
475,0,0,0,9,28
476,0,0,0,2,4
477,0,0,0,4,9
478,0,0,0,14,33
479,0,0,0,12,31
480,0,0,0,10,25
481,0,0,0,14,34
482,0,0,0,7,15
483,0,0,0,10,21
484,0,0,0,6,13
485,0,0,0,5,10
486,0,0,0,16,53
487,0,0,0,17,44
488,0,0,0,7,20
489,0,0,0,9,33
490,0,0,0,3,7
491,0,0,0,15,42
492,0,0,0,10,24
493,0,0,0,18,47
494,0,0,0,7,19
495,0,0,0,8,29
496,0,0,0,11,26
497,0,0,0,14,32
498,0,0,0,18,44
499,0,0,0,13,34
500,0,0,0,16,41
501,0,0,0,6,12
502,0,0,0,8,29
503,0,0,0,14,44
504,0,0,0,2,4
505,0,0,0,9,25
506,0,0,0,13,33
507,0,0,0,16,43
508,0,0,0,11,34
509,0,0,0,17,40
510,0,0,0,12,29
511,0,0,0,11,30
512,0,0,0,11,25
513,0,0,0,14,34
514,0,0,0,10,27
515,0,0,0,11,25
516,0,0,0,23,55
517,0,0,0,11,31
518,0,0,0,10,34
519,0,0,0,17,44
520,0,0,0,14,40
521,0,0,0,11,27
522,0,0,0,15,35
523,0,0,0,10,26
524,0,0,0,11,22
525,0,0,0,11,24
526,0,0,0,19,51
527,0,0,0,14,34
528,0,0,0,10,33
529,0,0,0,15,38
530,0,0,0,3,7
531,0,0,0,11,28
532,0,0,0,14,35
533,0,0,0,10,21
534,0,0,0,8,22
535,0,0,0,13,38
536,0,0,0,10,26
537,0,0,0,22,58
538,0,0,0,3,9
539,0,0,0,10,38
540,0,0,0,2,4
541,0,0,0,16,43
542,0,0,0,13,41
543,0,0,0,16,47
544,0,0,0,13,37
545,0,0,0,14,30
546,0,0,0,16,51
547,0,0,0,9,20
548,0,0,0,3,8
549,0,0,0,9,23
550,0,0,0,16,40
551,0,0,0,16,41
552,0,0,0,12,31
553,0,0,0,3,7
554,0,0,0,9,25
555,0,0,0,11,26
556,0,0,0,21,57
557,0,0,0,4,8
558,0,0,0,14,30
559,0,0,0,12,28
560,0,0,0,9,24
561,0,0,0,13,37
562,0,0,0,6,15
563,0,0,0,20,49
564,0,0,0,8,19
565,0,0,0,12,31
566,0,0,0,11,35
567,0,0,0,7,15
568,0,0,0,10,24
569,0,0,0,6,12
570,0,0,0,7,18
571,0,0,0,7,15
572,0,0,0,11,33
573,0,0,0,16,41
574,0,0,0,12,39
575,0,0,0,17,48
576,0,0,0,12,27
577,0,0,0,11,24
578,0,0,0,13,31
579,0,0,0,11,29
580,0,0,0,14,40
581,0,0,0,17,37
582,0,0,0,12,25
583,0,0,0,13,32
584,0,0,0,8,16
585,0,0,0,18,47
586,0,0,0,10,22
587,0,0,0,10,25
588,0,0,0,20,53
589,0,0,0,8,19
590,0,0,0,8,16
591,0,0,0,20,53
592,0,0,0,10,27
593,0,0,0,19,44
594,0,0,0,11,25
595,0,0,0,5,19
596,0,0,0,3,6
597,0,0,0,21,50
598,0,0,0,13,54
599,0,0,0,14,32
600,0,0,0,15,46
601,0,0,0,6,15
602,0,0,0,11,35
603,0,0,0,10,30
604,0,0,0,7,16
605,0,0,0,16,55
606,0,0,0,13,31
607,0,0,0,17,46
608,0,0,0,17,45
609,0,0,0,6,13
610,0,0,0,18,68
611,0,0,0,10,26
612,0,0,0,6,20
613,0,0,0,12,47
614,0,0,0,8,33
615,0,0,0,17,56
616,0,0,0,13,33
617,0,0,0,5,11
618,0,0,0,7,21
619,0,0,0,13,43
620,0,0,0,6,15
621,0,0,0,10,21
622,0,0,0,19,49
623,0,0,0,12,32
624,0,0,0,10,20
625,0,0,0,7,21
626,0,0,0,15,36
627,0,0,0,8,19
628,0,0,0,10,22
629,0,0,0,9,27
630,0,0,0,13,31
631,0,0,0,12,46
632,0,0,0,11,36
633,0,0,0,13,32
634,0,0,0,12,36
635,0,0,0,12,34
636,0,0,0,21,51
637,0,0,0,8,20
638,0,0,0,11,36
639,0,0,0,9,22
640,0,0,0,8,24
641,0,0,0,10,27
642,0,0,0,9,24
643,0,0,0,2,4
644,0,0,0,10,21
645,0,0,0,15,36
646,0,0,0,9,24
647,0,0,0,13,35
648,0,0,0,9,32
649,0,0,0,7,18
650,0,0,0,17,43
651,0,0,0,6,12
652,0,0,0,15,45
653,0,0,0,10,28
654,0,0,0,10,22
655,0,0,0,7,17
656,0,0,0,17,37
657,0,0,0,19,54
658,0,0,0,12,29
659,0,0,0,5,13
660,0,0,0,8,16
661,0,0,0,16,43
662,0,0,0,9,23
663,0,0,0,6,13
664,0,0,0,5,11
665,0,0,0,17,43
666,0,0,0,8,17
667,0,0,0,17,43
668,0,0,0,6,14
669,0,0,0,5,12
670,0,0,0,17,48
671,0,0,0,6,12
672,0,0,0,15,38
673,0,0,0,19,44
674,0,0,0,12,24
675,0,0,0,13,33
676,0,0,0,4,8
677,0,0,0,2,5
678,0,0,0,13,34
679,0,0,0,17,47
680,0,0,0,6,18
681,0,0,0,8,24
682,0,0,0,13,26
683,0,0,0,8,16
684,0,0,0,12,32
685,0,0,0,7,15
686,0,0,0,14,33
687,0,0,0,15,42
688,0,0,0,10,23
689,0,0,0,8,17
690,0,0,0,14,32
691,0,0,0,3,6
692,0,0,0,9,22
693,0,0,0,20,52
694,0,0,0,8,18
695,0,0,0,15,42
696,0,0,0,14,46
697,0,0,0,13,31
698,0,0,0,3,6
699,0,0,0,16,36
700,0,0,0,20,45
701,0,0,0,15,32
702,0,0,0,14,43
703,0,0,0,9,20
704,0,0,0,16,36
705,0,0,0,18,39
706,0,0,0,17,44
707,0,0,0,15,38
708,0,0,0,15,42
709,0,0,0,12,30
710,0,0,0,16,41
711,0,0,0,21,47
712,0,0,0,20,47
713,0,0,0,8,24
714,0,0,0,16,40
715,0,0,0,14,37
716,0,0,0,19,47
717,0,0,0,8,22
718,0,0,0,11,30
719,0,0,0,13,30
720,0,0,0,7,17
721,0,0,0,13,40
722,0,0,0,8,18
723,0,0,0,12,31
724,0,0,0,14,47
725,0,0,0,15,38
726,0,0,0,15,38
727,0,0,0,14,35
728,0,0,0,3,8
729,0,0,0,12,35
730,0,0,0,6,15
731,0,0,0,12,29
732,0,0,0,7,15
733,0,0,0,5,11
734,0,0,0,12,31
735,0,0,0,21,60
736,0,0,0,21,62
737,0,0,0,17,42
738,0,0,0,14,39
739,0,0,0,6,15
740,0,0,0,18,53
741,0,0,0,14,40
742,0,0,0,6,12
743,0,0,0,12,26
744,0,0,0,10,33
745,0,0,0,17,59
746,0,0,0,17,68
747,0,0,0,18,44
748,0,0,0,15,52
749,0,0,0,14,35
750,0,0,0,11,28
751,0,0,0,12,36
752,0,0,0,18,46
753,0,0,0,12,27
754,0,0,0,20,54
755,0,0,0,10,23
756,0,0,0,11,30
757,0,0,0,13,33
758,0,0,0,7,16
759,0,0,0,12,31
760,0,0,0,12,34
761,0,0,0,11,26
762,0,0,0,17,44
763,0,0,0,15,38
764,0,0,0,12,25
765,0,0,0,18,49
766,0,0,0,18,40
767,0,0,0,5,10
768,0,0,0,12,29
769,0,0,0,13,34
770,0,0,0,9,20
771,0,0,0,17,43
772,0,0,0,20,56
773,0,0,0,4,9
774,0,0,0,8,19
775,0,0,0,13,38
776,0,0,0,11,31
777,0,0,0,14,30
778,0,0,0,13,30
779,0,0,0,8,21
780,0,0,0,20,50
781,0,0,0,9,23
782,0,0,0,11,36
783,0,0,0,11,25
784,0,0,0,16,41
785,0,0,0,13,32
786,0,0,0,8,20
787,0,0,0,17,39
788,0,0,0,7,25
789,0,0,0,15,54
790,0,0,0,12,38
791,0,0,0,9,22
792,0,0,0,18,49
793,0,0,0,6,15
794,0,0,0,13,35
795,0,0,0,8,17
796,0,0,0,7,14
797,0,0,0,10,29
798,0,0,0,10,26
799,0,0,0,12,30
800,0,0,0,14,33
801,0,0,0,6,14
802,0,0,0,14,46
803,0,0,0,6,13
804,0,0,0,7,15
805,0,0,0,10,32
806,0,0,0,10,23
807,0,0,0,10,24
808,0,0,0,16,38
809,0,0,0,12,35
810,0,0,0,17,47
811,0,0,0,12,40
812,0,0,0,6,14
813,0,0,0,13,30
814,0,0,0,11,30
815,0,0,0,8,18
816,0,0,0,10,23
817,0,0,0,7,18
818,0,0,0,11,23
819,0,0,0,12,29
820,0,0,0,7,16
821,0,0,0,11,26
822,0,0,0,8,29
823,0,0,0,9,20
824,0,0,0,18,39
825,0,0,0,20,55
826,0,0,0,18,50
827,0,0,0,13,30
828,0,0,0,14,29
829,0,0,0,5,10
830,0,0,0,12,31
831,0,0,0,7,16
832,0,0,0,7,14
833,0,0,0,16,46
834,0,0,0,12,25
835,0,0,0,8,19
836,0,0,0,13,35
837,0,0,0,8,19
838,0,0,0,10,31
839,0,0,0,5,11
840,0,0,0,21,49
841,0,0,0,13,40
842,0,0,0,10,29
843,0,0,0,6,14
844,0,0,0,22,51
845,0,0,0,19,46
846,0,0,0,13,35
847,0,0,0,6,12
848,0,0,0,10,21
849,0,0,0,17,42
850,0,0,0,13,31
851,0,0,0,7,15
852,0,0,0,21,45
853,0,0,0,14,30
854,0,0,0,8,17
855,0,0,0,14,41
856,0,0,0,4,8
857,0,0,0,17,48
858,0,0,0,14,30
859,0,0,0,12,28
860,0,0,0,7,21
861,0,0,0,14,36
862,0,0,0,5,10
863,0,0,0,8,18
864,0,0,0,11,35
865,0,0,0,4,9
866,0,0,0,21,60
867,0,0,0,11,29
868,0,0,0,12,35
869,0,0,0,12,29
870,0,0,0,13,40
871,0,0,0,9,25
872,0,0,0,7,19
873,0,0,0,15,42
874,0,0,0,14,31
875,0,0,0,9,30
876,0,0,0,10,20
877,0,0,0,18,50
878,0,0,0,13,28
879,0,0,0,5,10
880,0,0,0,13,32
881,0,0,0,12,25
882,0,0,0,8,17
883,0,0,0,16,38
884,0,0,0,12,31
885,0,0,0,6,14
886,0,0,0,9,24
887,0,0,0,12,31
888,0,0,0,12,32
889,0,0,0,17,45
890,0,0,0,6,14
891,0,0,0,15,40
892,0,0,0,9,26
893,0,0,0,6,12
894,0,0,0,20,52
895,0,0,0,4,9
896,0,0,0,6,19
897,0,0,0,10,27
898,0,0,0,9,20
899,0,0,0,8,20
900,0,0,0,3,7
901,0,0,0,5,10
902,0,0,0,1,2
903,0,0,0,7,19
904,0,0,0,13,31
905,0,0,0,6,16
906,0,0,0,5,10
907,0,0,0,9,26
908,0,0,0,15,41
909,0,0,0,5,10
910,0,0,0,2,4
911,0,0,0,15,57
912,0,0,0,21,50
913,0,0,0,11,32
914,0,0,0,9,23
915,0,0,0,17,38
916,0,0,0,13,38
917,0,0,0,9,22
918,0,0,0,13,44
919,0,0,0,5,10
920,0,0,0,9,23
921,0,0,0,14,31
922,0,0,0,8,16
923,0,0,0,14,43
924,0,0,0,9,27
925,0,0,0,10,24
926,0,0,0,18,44
927,0,0,0,13,41
928,0,0,0,12,26
929,0,0,0,9,21
930,0,0,0,12,26
931,0,0,0,6,15
932,0,0,0,8,20
933,0,0,0,14,37
934,0,0,0,11,26
935,0,0,0,9,19
936,0,0,0,16,45
937,0,0,0,16,43
938,0,0,0,15,39
939,0,0,0,16,43
940,0,0,0,13,29
941,0,0,0,14,56
942,0,0,0,8,23
943,0,0,0,13,30
944,0,0,0,11,23
945,0,0,0,17,48
946,0,0,0,15,34
947,0,0,0,14,34
948,0,0,0,25,73
949,0,0,0,13,31
950,0,0,0,12,37
951,0,0,0,17,44
952,0,0,0,13,35
953,0,0,0,15,39
954,0,0,0,13,26
955,0,0,0,23,59
956,0,0,0,15,38
957,0,0,0,14,35
958,0,0,0,14,31
959,0,0,0,9,34
960,0,0,0,7,14
961,0,0,0,8,20
962,0,0,0,4,8
963,0,0,0,9,19
964,0,0,0,10,34
965,0,0,0,15,39
966,0,0,0,15,36
967,0,0,0,12,37
968,0,0,0,14,37
969,0,0,0,12,29
970,0,0,0,9,30
971,0,0,0,9,18
972,0,0,0,15,37
973,0,0,0,9,21
974,0,0,0,10,22
975,0,0,0,14,39
976,0,0,0,14,30
977,0,0,0,11,29
978,0,0,0,9,18
979,0,0,0,6,12
980,0,0,0,7,15
981,0,0,0,2,5
982,0,0,0,7,15
983,0,0,0,10,32
984,0,0,0,20,53
985,0,0,0,8,22
986,0,0,0,17,57
987,0,0,0,8,17
988,0,0,0,14,33
989,0,0,0,13,40
990,0,0,0,13,32
991,0,0,0,9,21
992,0,0,0,20,52
993,0,0,0,11,33
994,0,0,0,16,36
995,0,0,0,5,11
996,0,0,0,20,53
997,0,0,0,7,18
998,0,0,0,14,51
999,0,0,0,9,28
