graph_index,n_nodes,cost,ATT,RTT,unserved_demand
0,50,6.134376525878906,15.2901029586792,130.62991333007812,1006536.5625
1,50,6.046425819396973,19.940837860107422,118.59532165527344,979448.125
2,50,6.0107035636901855,22.17587661743164,143.09205627441406,978033.8125
3,50,6.014981269836426,21.13471031188965,127.11238861083984,965145.4375
4,50,5.999866008758545,22.313405990600586,130.40357971191406,987134.875
5,50,6.089183807373047,23.38538360595703,138.30587768554688,980829.0625
6,50,5.940978527069092,18.43471336364746,95.30256652832031,986347.4375
7,50,6.022326946258545,20.753910064697266,104.55976867675781,990910.0625
8,50,6.081115245819092,23.416128158569336,144.19358825683594,978628.8125
9,50,5.973424911499023,21.80303192138672,125.8147964477539,967377.875
10,50,6.060859680175781,20.568986892700195,108.33756256103516,1000555.0625
11,50,6.1035261154174805,21.829540252685547,144.7024383544922,979458.1875
12,50,6.090868949890137,18.266040802001953,103.36477661132812,973305.4375
13,50,6.124866485595703,23.324207305908203,145.8590850830078,1000421.0
14,50,6.116142272949219,19.057220458984375,111.07308959960938,1007830.125
15,50,6.067935943603516,26.751644134521484,128.4084014892578,977980.5625
16,50,5.966017723083496,13.328024864196777,85.13571166992188,1000181.3125
17,50,6.139590263366699,20.909727096557617,113.9232406616211,949288.9375
18,50,5.994877815246582,19.450885772705078,84.47518157958984,988492.625
19,50,6.00933313369751,24.965129852294922,137.94139099121094,971585.4375
20,50,6.106468200683594,24.30545425415039,147.86044311523438,983659.8125
21,50,6.040910243988037,20.262975692749023,131.19692993164062,980472.75
22,50,6.118467330932617,19.345151901245117,108.16752624511719,974990.8125
23,50,6.06695556640625,22.917816162109375,108.57010650634766,979987.125
24,50,6.006557941436768,15.221368789672852,64.01934051513672,984199.375
25,50,6.126124858856201,26.561410903930664,142.77130126953125,997961.375
26,50,6.07035493850708,15.995194435119629,83.90975189208984,1012231.0
27,50,6.028789520263672,21.56979751586914,124.38803100585938,980187.75
28,50,6.002747535705566,14.423537254333496,63.079307556152344,976194.6875
29,50,6.132771015167236,21.174705505371094,115.30729675292969,976165.875
30,50,6.127988338470459,19.074190139770508,116.6021957397461,983811.9375
31,50,5.977687358856201,19.912841796875,92.69861602783203,986625.8125
32,50,6.019959926605225,12.379834175109863,58.991756439208984,980271.625
33,50,6.124120712280273,22.037120819091797,119.7702407836914,987820.125
34,50,6.035777568817139,15.017376899719238,71.7093505859375,996808.6875
35,50,6.033255577087402,15.608200073242188,69.71544647216797,984893.875
36,50,6.004063606262207,13.896902084350586,61.483219146728516,970605.0625
37,50,6.119199752807617,16.902132034301758,122.88375854492188,1044426.6875
38,50,6.037841320037842,25.980817794799805,129.26976013183594,986097.0625
39,50,6.157997131347656,17.515531539916992,133.08526611328125,1002192.625
40,50,6.026505947113037,18.605018615722656,88.79607391357422,976399.125
41,50,6.1053547859191895,25.014080047607422,153.25917053222656,989499.625
42,50,6.104508876800537,24.25023651123047,131.59645080566406,995543.75
43,50,6.114637851715088,22.5172176361084,118.01850128173828,968177.0
44,50,6.050117492675781,21.536014556884766,142.3904571533203,979210.9375
45,50,6.1084442138671875,26.837276458740234,160.253662109375,999252.0625
46,50,6.100484371185303,28.058719635009766,163.7399139404297,988900.1875
47,50,6.080721378326416,23.991899490356445,112.93069458007812,969060.375
48,50,6.007687568664551,15.38904094696045,79.24097442626953,986403.625
49,50,6.015660285949707,24.12255859375,135.4304962158203,989964.125
50,50,6.076429843902588,18.539247512817383,114.2925033569336,963734.6875
51,50,6.106476783752441,9.079873085021973,56.25739288330078,998461.5625
52,50,6.010156154632568,17.74009895324707,108.28599548339844,1006179.125
53,50,6.144454002380371,16.622154235839844,135.2672119140625,1007843.4375
54,50,5.964109420776367,27.718595504760742,134.21217346191406,965155.25
55,50,6.044926643371582,16.783184051513672,71.09745788574219,1013310.875
56,50,6.0521063804626465,22.487117767333984,116.04891204833984,968221.0625
57,50,5.999269008636475,23.54010772705078,130.55426025390625,981988.0
58,50,6.028151512145996,20.220903396606445,100.57328796386719,991198.625
59,50,5.913926601409912,16.463369369506836,78.72550201416016,983102.9375
60,50,5.987649917602539,20.742130279541016,122.18705749511719,972315.3125
61,50,5.987369537353516,20.892736434936523,131.05836486816406,954145.4375
62,50,6.045497894287109,20.102876663208008,105.61178588867188,973982.0
63,50,6.0294718742370605,22.512939453125,131.74722290039062,994330.625
64,50,6.023773193359375,15.014018058776855,67.78656768798828,958379.4375
65,50,6.071684837341309,21.19375991821289,143.5419921875,975353.5625
66,50,6.03411865234375,21.807363510131836,102.16935729980469,969157.5
67,50,6.086570739746094,26.977102279663086,143.68118286132812,964076.125
68,50,6.061438083648682,19.954803466796875,92.6825180053711,1005548.375
69,50,6.120625019073486,20.39737319946289,105.53392791748047,976035.75
70,50,6.122347354888916,20.284013748168945,112.49050903320312,981050.3125
71,50,6.016364097595215,23.566917419433594,112.57584381103516,994227.8125
72,50,6.005640983581543,14.403481483459473,59.17084503173828,1007653.875
73,50,5.998218536376953,21.054454803466797,125.25853729248047,993084.875
74,50,6.074105262756348,26.166311264038086,141.02731323242188,967796.3125
75,50,6.017683029174805,15.973349571228027,68.48563385009766,990721.0
76,50,6.084321022033691,22.169185638427734,137.77427673339844,957792.9375
77,50,6.078898906707764,22.18097686767578,122.07868194580078,992507.75
78,50,6.065359115600586,16.726423263549805,80.3577651977539,1003476.6875
79,50,6.030429363250732,24.494298934936523,131.2652587890625,979649.875
80,50,5.970978736877441,23.003110885620117,126.45663452148438,990655.0625
81,50,6.039229393005371,23.79853057861328,137.04592895507812,968644.9375
82,50,6.143867015838623,25.50345230102539,142.4169921875,981318.875
83,50,6.082813262939453,19.476886749267578,93.04955291748047,973490.9375
84,50,6.080410003662109,28.867443084716797,149.7908477783203,981676.1875
85,50,6.09049129486084,19.78892707824707,112.9793701171875,993848.75
86,50,6.0325727462768555,22.592485427856445,129.25001525878906,993847.5
87,50,6.013658046722412,20.29100799560547,124.48648834228516,990447.5
88,50,6.069136619567871,22.751680374145508,115.09519958496094,982124.9375
89,50,5.96976375579834,18.40685272216797,83.73298645019531,941672.375
90,50,5.982954502105713,21.03727149963379,94.4075698852539,987218.4375
91,50,6.0440545082092285,20.062835693359375,111.36284637451172,970222.0
92,50,6.01034688949585,15.940446853637695,59.81161117553711,995890.0
93,50,6.052639484405518,16.88858413696289,77.70388793945312,997829.0625
94,50,5.938462734222412,25.034923553466797,102.6236801147461,964948.125
95,50,6.133728981018066,23.151090621948242,140.875244140625,980656.25
96,50,6.085971832275391,24.577905654907227,144.67092895507812,994188.875
97,50,6.002530574798584,23.38623046875,124.00889587402344,981946.25
98,50,6.027149677276611,20.008516311645508,90.33979034423828,944257.8125
99,50,6.0162835121154785,15.491963386535645,98.8709716796875,985759.875
100,50,6.133082389831543,16.922258377075195,123.10826110839844,985060.6875
101,50,5.973247528076172,20.695316314697266,129.1637420654297,974260.125
102,50,5.974514007568359,23.08490562438965,124.6695785522461,970985.125
103,50,6.045753002166748,15.912100791931152,64.78895568847656,973034.4375
104,50,6.083114147186279,23.216949462890625,128.2665252685547,985408.1875
105,50,6.028413772583008,20.798175811767578,128.21722412109375,1001207.0
106,50,6.105193138122559,23.551403045654297,150.0988006591797,978563.625
107,50,5.957511901855469,21.108482360839844,87.55059051513672,990118.625
108,50,6.020919322967529,15.572967529296875,63.41624450683594,993297.375
109,50,5.983736515045166,28.306100845336914,140.42764282226562,992119.375
110,50,6.030457973480225,21.43609046936035,117.89352416992188,974481.9375
111,50,5.975158214569092,22.87489891052246,131.1617431640625,999600.9375
112,50,6.092362880706787,18.38980484008789,101.65825653076172,990260.625
113,50,6.083405494689941,19.944704055786133,109.47257232666016,973844.375
114,50,6.080468654632568,23.56809425354004,142.274658203125,969421.5
115,50,5.995009899139404,30.259523391723633,138.01361083984375,984001.8125
116,50,6.1095099449157715,21.518436431884766,122.01126098632812,975525.625
117,50,6.009026527404785,22.33377456665039,135.0166778564453,977161.375
118,50,5.987417697906494,22.50873374938965,131.14442443847656,991688.25
119,50,6.070073127746582,27.090003967285156,140.89303588867188,989056.5
120,50,5.977183818817139,23.45245361328125,133.21319580078125,975189.25
121,50,6.051481246948242,20.168535232543945,111.79804992675781,983303.25
122,50,6.080434799194336,11.456085205078125,86.60033416748047,993748.0
123,50,6.128870964050293,20.534452438354492,148.85411071777344,1011502.6875
124,50,6.080998420715332,22.473108291625977,131.97584533691406,971364.75
125,50,6.054661273956299,26.833322525024414,134.2628631591797,985516.0
126,50,5.984537124633789,22.77201271057129,129.1614227294922,973735.875
127,50,5.989543914794922,12.667326927185059,57.65694046020508,967014.1875
128,50,6.130870819091797,21.21428680419922,113.10083770751953,985435.375
129,50,6.029745101928711,13.80820083618164,67.86331176757812,1010209.9375
130,50,6.137706756591797,17.373899459838867,127.78672790527344,1009229.25
131,50,6.015542507171631,17.022729873657227,105.30120086669922,996641.875
132,50,5.957255840301514,17.461753845214844,84.65349578857422,998915.9375
133,50,6.010095119476318,15.35063648223877,64.97264099121094,978662.3125
134,50,6.018679618835449,16.020954132080078,85.83000183105469,997841.25
135,50,5.930281162261963,17.690959930419922,77.76529693603516,1006594.3125
136,50,6.020881175994873,16.73678970336914,68.21199035644531,990487.8125
137,50,6.054474830627441,13.200577735900879,77.59555053710938,972780.75
138,50,6.1122660636901855,22.46484375,143.93931579589844,993102.9375
139,50,6.005681991577148,24.317726135253906,130.57366943359375,984197.25
140,50,6.042959690093994,15.1555814743042,61.076114654541016,975406.875
141,50,6.117801666259766,20.025352478027344,108.81807708740234,966772.375
142,50,5.991414546966553,28.506284713745117,135.3396453857422,979393.625
143,50,6.0596113204956055,19.180152893066406,99.7023696899414,1006853.25
144,50,6.008514404296875,17.6326961517334,68.80255889892578,995488.625
145,50,5.944525718688965,21.92479705810547,109.44680786132812,950140.3125
146,50,5.963335990905762,19.296480178833008,89.78286743164062,988967.5
147,50,6.102309226989746,23.198278427124023,148.81512451171875,955614.9375
148,50,5.9446539878845215,20.296194076538086,91.1800765991211,978577.375
149,50,6.0159783363342285,22.688159942626953,113.90058898925781,966517.625
150,50,5.985064506530762,22.54700469970703,135.45379638671875,999310.1875
151,50,6.007097244262695,22.684663772583008,127.81123352050781,969558.75
152,50,6.097936153411865,18.289979934692383,112.00829315185547,985051.125
153,50,6.000155925750732,17.83151626586914,105.71214294433594,983607.125
154,50,6.026971340179443,19.878143310546875,125.22209167480469,987294.5625
155,50,6.014653205871582,22.029760360717773,125.41059112548828,985979.375
156,50,5.996171951293945,22.225948333740234,126.06673431396484,967301.8125
157,50,6.013962745666504,23.496545791625977,136.2837371826172,980441.1875
158,50,6.030380725860596,21.463335037231445,110.29859161376953,984686.3125
159,50,5.95278263092041,22.54250717163086,136.16641235351562,1003979.625
160,50,6.01012659072876,14.001501083374023,67.09317779541016,993676.375
161,50,6.045843124389648,20.502235412597656,128.072021484375,1003397.5
162,50,6.024677753448486,14.947295188903809,67.91727447509766,991944.875
163,50,5.960956573486328,20.01457977294922,89.81936645507812,980231.3125
164,50,5.997810363769531,15.091477394104004,61.35594940185547,991035.625
165,50,6.067479133605957,18.640125274658203,111.10746765136719,988516.375
166,50,6.108665943145752,19.022808074951172,116.9179916381836,980594.0625
167,50,6.016104221343994,24.547391891479492,139.77841186523438,979832.5
168,50,6.105129241943359,22.018863677978516,153.83242797851562,997606.75
169,50,6.0187859535217285,18.82015037536621,112.60855102539062,997332.5
170,50,6.070827007293701,25.141260147094727,132.90928649902344,977093.125
171,50,5.998022079467773,22.99188232421875,136.9002227783203,978275.5625
172,50,5.98358678817749,14.037551879882812,60.64448165893555,960839.75
173,50,6.004672527313232,24.944602966308594,134.85479736328125,973064.375
174,50,5.9523797035217285,18.333017349243164,87.71221160888672,1018823.1875
175,50,5.955148696899414,17.780162811279297,92.06949615478516,1003105.75
176,50,6.096370697021484,25.39199447631836,135.9800567626953,989104.625
177,50,6.011727333068848,23.510936737060547,131.27426147460938,986575.5625
178,50,6.034908294677734,14.215047836303711,65.89414978027344,997026.0
179,50,6.033945083618164,17.80423355102539,97.60652923583984,980781.1875
180,50,5.9782538414001465,12.064571380615234,74.29660034179688,978031.5625
181,50,6.028939247131348,24.048824310302734,143.20602416992188,981679.6875
182,50,5.92210578918457,16.889171600341797,89.02603912353516,976674.125
183,50,6.104644298553467,21.29588508605957,116.97577667236328,993448.125
184,50,5.983227729797363,16.055599212646484,89.00716400146484,960868.4375
185,50,5.915742874145508,14.292072296142578,69.98877716064453,995441.9375
186,50,6.080356597900391,20.136043548583984,106.17560577392578,981707.5
187,50,5.939058303833008,18.180463790893555,85.73741912841797,1001983.5625
188,50,6.003502368927002,22.27532958984375,133.54525756835938,958140.625
189,50,6.0729451179504395,20.07710838317871,111.91871643066406,982112.6875
190,50,6.144644260406494,26.302093505859375,147.52154541015625,960145.1875
191,50,6.008896827697754,16.417015075683594,87.73711395263672,978245.5
192,50,6.064524173736572,22.906185150146484,115.72897338867188,962710.25
193,50,5.997857093811035,15.560653686523438,65.97463989257812,987507.125
194,50,5.92507791519165,17.157270431518555,94.56053924560547,994892.0625
195,50,6.058506011962891,20.31743621826172,108.67887878417969,994012.5
196,50,6.107962608337402,25.1719970703125,154.67193603515625,988003.125
197,50,6.011074542999268,13.515899658203125,60.33652114868164,969858.8125
198,50,6.132124423980713,20.977266311645508,109.72757720947266,979159.1875
199,50,5.973901748657227,21.60336685180664,121.14517974853516,971961.0625
200,50,6.058931350708008,15.78381061553955,76.20926666259766,976467.4375
201,50,6.088817119598389,25.241586685180664,150.978271484375,974906.8125
202,50,6.011410713195801,16.37744903564453,100.7142562866211,990587.25
203,50,6.046261310577393,15.714478492736816,69.30203247070312,974523.0625
204,50,6.03763484954834,20.55944061279297,95.18733215332031,969706.4375
205,50,6.040276527404785,18.65317726135254,76.66234588623047,971988.3125
206,50,5.957671642303467,21.030975341796875,126.87000274658203,983455.8125
207,50,6.063594341278076,18.751991271972656,98.55408477783203,990572.0
208,50,6.012491703033447,20.558269500732422,126.48762512207031,988211.625
209,50,6.131932258605957,22.17786979675293,109.22863006591797,985040.875
210,50,5.977358341217041,20.66538429260254,120.36487579345703,986439.0
211,50,6.102254867553711,26.29408073425293,135.38917541503906,946814.6875
212,50,6.078172206878662,16.960500717163086,111.07877349853516,992327.75
213,50,6.013706684112549,21.170984268188477,133.08489990234375,973795.625
214,50,6.000533103942871,23.33411407470703,127.18775939941406,976188.3125
215,50,6.0719780921936035,27.64678382873535,153.7838592529297,961331.5
216,50,6.046457767486572,23.52390480041504,129.4608917236328,968833.0
217,50,6.118747711181641,18.49236488342285,120.40123748779297,1011884.9375
218,50,6.067278861999512,20.730031967163086,118.3041000366211,1002961.625
219,50,6.10925817489624,23.36093521118164,104.10130310058594,991395.125
220,50,6.107452869415283,21.818540573120117,109.9971923828125,978395.5625
221,50,6.151804447174072,17.55400848388672,123.48938751220703,976610.375
222,50,5.917299747467041,11.906124114990234,62.18607711791992,992862.125
223,50,5.994544982910156,13.138410568237305,65.44108581542969,973990.5625
224,50,6.022486686706543,14.48290729522705,64.6474838256836,985666.25
225,50,6.179691791534424,21.1213321685791,125.19851684570312,995402.1875
226,50,6.094130516052246,20.950990676879883,145.70547485351562,981119.1875
227,50,6.003835678100586,23.35140037536621,145.24024963378906,997380.375
228,50,5.9739670753479,16.548479080200195,87.55229949951172,996120.875
229,50,6.123720645904541,25.71462059020996,144.0677032470703,969689.75
230,50,6.007528781890869,23.896343231201172,131.6629180908203,955631.375
231,50,6.050294876098633,17.59539222717285,104.46587371826172,992126.4375
232,50,6.00633430480957,15.318363189697266,99.52723693847656,1005730.875
233,50,6.06652307510376,15.717331886291504,86.72488403320312,971211.375
234,50,6.054152965545654,24.73086166381836,125.02561950683594,981519.25
235,50,6.0178632736206055,12.316305160522461,59.50710678100586,1015830.125
236,50,6.03076171875,16.834543228149414,72.42571258544922,997031.75
237,50,5.954838752746582,26.981544494628906,139.9013671875,978626.5625
238,50,5.983890533447266,21.133644104003906,129.6647186279297,968684.1875
239,50,6.1311564445495605,23.833736419677734,140.19857788085938,972979.6875
240,50,5.988453388214111,14.076391220092773,58.13215255737305,984477.875
241,50,5.975214004516602,11.875868797302246,58.421302795410156,978492.0625
242,50,6.1115899085998535,19.926368713378906,109.65570831298828,977957.125
243,50,6.028002738952637,19.319995880126953,112.68392944335938,980653.375
244,50,6.03159236907959,22.305997848510742,128.2628631591797,980057.1875
245,50,6.1006083488464355,19.51276206970215,112.23218536376953,1001969.9375
246,50,5.992858409881592,24.065473556518555,129.50721740722656,1012031.3125
247,50,6.139906883239746,20.281925201416016,121.44381713867188,992494.0
248,50,6.105874061584473,25.51007080078125,146.42391967773438,991881.875
249,50,5.97687292098999,12.38931941986084,56.144508361816406,990314.6875
250,50,5.974405288696289,20.645225524902344,130.29869079589844,999894.625
251,50,6.020578861236572,17.039274215698242,80.26821899414062,972371.6875
252,50,6.102789878845215,26.379968643188477,149.97731018066406,991761.4375
253,50,6.097601890563965,29.196876525878906,146.71112060546875,978680.875
254,50,5.978874206542969,12.473763465881348,56.01765060424805,964772.3125
255,50,6.060396671295166,16.895938873291016,74.83718872070312,972251.1875
256,50,6.003678321838379,25.9882869720459,125.04683685302734,976378.0625
257,50,6.076013565063477,27.53172492980957,148.68856811523438,986097.0625
258,50,6.134746551513672,18.506376266479492,114.07852172851562,990169.875
259,50,6.040918350219727,18.68963623046875,124.25666809082031,975956.875
260,50,6.1591796875,18.9797306060791,115.50569152832031,994984.75
261,50,6.0827531814575195,25.09515953063965,118.4484634399414,990771.0
262,50,5.980947971343994,23.7564640045166,131.2126007080078,986025.25
263,50,6.102001190185547,19.685731887817383,105.40856170654297,985047.0
264,50,6.04579496383667,16.75786590576172,97.83560943603516,981142.25
265,50,6.0754876136779785,21.753328323364258,129.37786865234375,1010554.5625
266,50,6.011236190795898,16.82866859436035,77.04161834716797,968342.5
267,50,6.099165916442871,23.491823196411133,139.6008758544922,964552.75
268,50,6.026925086975098,19.318939208984375,98.3261947631836,997255.875
269,50,6.007289409637451,14.4755277633667,81.80034637451172,983465.75
270,50,6.04721736907959,21.460979461669922,136.24667358398438,993156.125
271,50,6.117173671722412,24.085227966308594,151.50608825683594,992923.1875
272,50,6.025369167327881,16.942642211914062,79.5842514038086,974847.9375
273,50,5.99290657043457,16.684160232543945,89.12964630126953,959776.3125
274,50,6.002169609069824,25.207304000854492,126.36371612548828,976130.5
275,50,6.109914779663086,18.28215980529785,104.57669067382812,974977.75
276,50,6.093585014343262,16.419700622558594,108.69255065917969,999289.625
277,50,6.003109931945801,19.209951400756836,83.54598999023438,968924.9375
278,50,6.012880325317383,21.669992446899414,127.29318237304688,991928.9375
279,50,6.095211029052734,21.99558448791504,107.53926849365234,963724.125
280,50,5.9714250564575195,13.207996368408203,58.0738525390625,1015761.0
281,50,6.085636138916016,7.951815128326416,66.75299072265625,993991.5625
282,50,6.136636734008789,21.5115966796875,126.13887023925781,999907.875
283,50,6.113227367401123,17.410621643066406,113.3783187866211,967901.625
284,50,5.999551296234131,22.13290023803711,124.39998626708984,978295.625
285,50,6.095282077789307,23.650487899780273,135.36851501464844,992186.625
286,50,6.089305400848389,18.597259521484375,105.05951690673828,986766.375
287,50,6.105287075042725,21.219860076904297,140.00482177734375,985813.6875
288,50,6.081018924713135,21.323585510253906,109.12174987792969,992680.5
289,50,6.019195079803467,15.88094425201416,76.9250259399414,991003.9375
290,50,6.032120704650879,24.81101417541504,128.39404296875,961519.4375
291,50,6.01356315612793,14.43030834197998,68.79781341552734,1007768.125
292,50,5.997188091278076,13.792159080505371,61.01123046875,966588.0
293,50,6.0826029777526855,20.293983459472656,120.83783721923828,975150.5
294,50,6.118495464324951,24.57256317138672,153.89830017089844,977903.1875
295,50,6.03647518157959,18.046348571777344,86.83061981201172,956065.9375
296,50,6.057084560394287,17.3282527923584,81.51001739501953,983754.25
297,50,6.022238731384277,19.37480926513672,98.11929321289062,977430.3125
298,50,6.103414535522461,16.577259063720703,113.53015899658203,998802.125
299,50,6.0047287940979,19.00800132751465,98.1047134399414,996788.125
300,50,6.088144779205322,25.300737380981445,149.746337890625,976067.5625
301,50,6.116627216339111,23.177228927612305,142.4069366455078,973269.125
302,50,6.014551162719727,27.74820899963379,122.35771942138672,936331.625
303,50,6.031092166900635,16.844524383544922,65.46083068847656,994900.25
304,50,6.083247661590576,19.806556701660156,98.06803131103516,972938.625
305,50,6.034422874450684,16.204875946044922,93.50477600097656,970126.125
306,50,6.147091865539551,22.859851837158203,115.58665466308594,968632.25
307,50,5.988338470458984,15.369841575622559,57.901817321777344,1021392.0
308,50,5.929919719696045,21.06431770324707,92.19490814208984,985078.8125
309,50,5.95294713973999,22.788516998291016,130.57327270507812,986831.5625
310,50,6.056187629699707,17.85171127319336,106.77294158935547,1002780.0
311,50,6.013187885284424,16.327713012695312,88.96198272705078,967123.6875
312,50,6.095798492431641,24.925926208496094,132.19859313964844,992926.375
313,50,6.016329288482666,14.606847763061523,66.35753631591797,1013576.25
314,50,6.012714862823486,19.117767333984375,78.98287200927734,990613.5
315,50,6.125683784484863,20.824567794799805,151.6177520751953,967570.375
316,50,6.059676170349121,20.726627349853516,95.64488983154297,999418.625
317,50,6.111629009246826,24.946693420410156,143.1731719970703,986668.6875
318,50,6.111924171447754,20.705427169799805,142.9093475341797,994320.625
319,50,6.093626499176025,20.38172721862793,119.68254852294922,960468.5
320,50,6.057448387145996,19.741361618041992,111.39730072021484,1003410.0625
321,50,6.106159687042236,20.49641990661621,139.55816650390625,951707.625
322,50,6.025851249694824,23.980314254760742,130.93263244628906,976066.0
323,50,5.957871913909912,18.496789932250977,87.84719848632812,972939.25
324,50,6.009383201599121,16.662006378173828,58.87310028076172,987448.125
325,50,6.095335483551025,24.368350982666016,138.31906127929688,972692.3125
326,50,6.047623634338379,14.80866813659668,77.31291961669922,975159.125
327,50,6.015952110290527,27.07267951965332,140.8843536376953,981693.75
328,50,5.983879089355469,25.811670303344727,132.7532958984375,992366.3125
329,50,6.091608047485352,24.479816436767578,149.44717407226562,991732.875
330,50,6.001766204833984,14.514062881469727,58.62339401245117,989338.375
331,50,6.003199577331543,20.657939910888672,140.86061096191406,986009.125
332,50,6.043819904327393,20.580080032348633,100.45452117919922,986369.1875
333,50,5.987940311431885,22.00902557373047,133.15594482421875,986238.875
334,50,6.115305423736572,28.512136459350586,136.00106811523438,974121.375
335,50,6.112912654876709,22.179471969604492,142.40943908691406,1013556.375
336,50,6.064320087432861,25.148719787597656,141.36221313476562,969133.25
337,50,6.034944534301758,17.47799301147461,121.34909057617188,982110.9375
338,50,6.0171427726745605,15.209532737731934,72.35452270507812,997505.4375
339,50,6.087436676025391,25.93669319152832,149.84674072265625,968971.25
340,50,5.969563961029053,19.188800811767578,104.52869415283203,982803.1875
341,50,5.978940010070801,23.883644104003906,132.37051391601562,970780.75
342,50,6.132811069488525,18.752599716186523,110.7940902709961,987233.5
343,50,6.068193435668945,17.868518829345703,98.03423309326172,996198.25
344,50,6.168280124664307,26.5396785736084,121.86204528808594,980243.375
345,50,6.151770114898682,20.01198959350586,112.31166076660156,975617.125
346,50,5.959033966064453,21.376123428344727,108.99445343017578,984438.125
347,50,6.078685760498047,25.092975616455078,159.3433380126953,980521.25
348,50,6.0953450202941895,19.482929229736328,114.69805145263672,986796.625
349,50,6.056721210479736,19.664926528930664,92.37987518310547,990052.875
350,50,5.991360664367676,19.67232322692871,82.92410278320312,956740.125
351,50,6.062530517578125,19.12200355529785,83.39279174804688,976604.75
352,50,6.092586040496826,19.61115264892578,115.24877166748047,992691.1875
353,50,6.00469446182251,18.59736442565918,91.5683364868164,978250.25
354,50,6.080299377441406,20.44105339050293,137.4105682373047,986934.25
355,50,5.9859819412231445,20.501625061035156,129.6741485595703,998653.0625
356,50,6.115182399749756,25.70490264892578,139.4208984375,988797.875
357,50,6.014549732208252,24.567279815673828,125.07599639892578,990003.0625
358,50,5.97495698928833,18.269426345825195,104.14991760253906,978621.625
359,50,5.9671149253845215,12.04899787902832,51.19757080078125,987428.625
360,50,6.144590854644775,14.936766624450684,123.34545135498047,1019960.625
361,50,6.056656837463379,23.98093032836914,138.65615844726562,970761.625
362,50,6.023419380187988,14.80057430267334,71.31392669677734,990852.0
363,50,6.080091953277588,21.523447036743164,115.82007598876953,991744.875
364,50,6.061041831970215,24.664762496948242,116.59026336669922,983062.3125
365,50,6.118470191955566,22.256921768188477,144.3030242919922,972170.3125
366,50,5.986914157867432,27.21552085876465,133.1884307861328,962675.75
367,50,5.972534656524658,17.877500534057617,93.38536834716797,961528.75
368,50,6.086040496826172,20.316585540771484,119.23976135253906,977110.5
369,50,5.887201309204102,13.246683120727539,67.83296203613281,979746.1875
370,50,5.9916090965271,22.3990535736084,120.41714477539062,999875.8125
371,50,6.017996788024902,15.146947860717773,70.8214340209961,1000590.8125
372,50,6.073807239532471,21.401123046875,146.8579864501953,979317.25
373,50,6.050840854644775,20.216073989868164,146.6428680419922,974585.125
374,50,6.0968122482299805,27.626596450805664,149.22801208496094,974705.6875
375,50,6.03242826461792,14.709227561950684,69.06133270263672,971922.625
376,50,6.042952060699463,23.041873931884766,100.12804412841797,973983.375
377,50,5.951107978820801,17.095985412597656,97.03785705566406,983188.375
378,50,5.986476421356201,18.73399543762207,89.41216278076172,960165.375
379,50,5.921017169952393,13.846670150756836,75.1343002319336,995316.75
380,50,6.033801555633545,20.407955169677734,108.39762115478516,993656.875
381,50,6.084192752838135,19.527629852294922,143.19236755371094,965126.125
382,50,6.054355621337891,18.50276756286621,97.60057830810547,1004884.875
383,50,6.1225786209106445,24.913707733154297,145.4233856201172,967693.8125
384,50,5.975022792816162,10.834662437438965,54.20045471191406,969593.25
385,50,5.988263130187988,20.668344497680664,102.55594635009766,1000272.5
386,50,6.140836238861084,21.236225128173828,113.62567901611328,988401.6875
387,50,6.005744457244873,13.036630630493164,58.961952209472656,970824.375
388,50,6.019970417022705,15.645216941833496,84.60372161865234,1000733.3125
389,50,5.939555644989014,19.05246925354004,81.45623016357422,998515.25
390,50,5.967172145843506,14.023056030273438,57.88668441772461,971068.4375
391,50,5.933060646057129,15.180069923400879,78.99544525146484,994610.4375
392,50,6.0166850090026855,17.170690536499023,72.07384490966797,973266.1875
393,50,6.019343376159668,23.824222564697266,121.85038757324219,969154.375
394,50,6.096667289733887,27.376985549926758,129.5435333251953,972868.75
395,50,6.088099956512451,21.800800323486328,118.49034881591797,974690.9375
396,50,6.127676963806152,19.760873794555664,116.30684661865234,970910.125
397,50,5.992486000061035,22.07903480529785,137.58872985839844,964480.3125
398,50,5.959409713745117,21.132673263549805,108.37417602539062,991527.0
399,50,6.150908946990967,14.888599395751953,126.00299835205078,995330.375
400,50,6.111405849456787,15.629711151123047,129.27175903320312,1021406.375
401,50,6.021682262420654,19.875051498413086,123.10665893554688,944885.5
402,50,5.9843525886535645,26.649036407470703,131.25794982910156,1024100.6875
403,50,6.118728160858154,19.817174911499023,129.1754913330078,961282.9375
404,50,6.035577774047852,18.098237991333008,101.45655059814453,990849.6875
405,50,6.079626083374023,19.71717643737793,122.0794906616211,976902.75
406,50,6.046853065490723,18.678617477416992,114.23467254638672,992436.625
407,50,6.120680332183838,8.242226600646973,60.17838668823242,1002896.3125
408,50,6.04417610168457,19.643192291259766,105.22798919677734,970498.5625
409,50,6.102960109710693,21.59308433532715,137.898193359375,961938.875
410,50,6.002723693847656,20.72673797607422,97.67874908447266,960455.125
411,50,6.1088457107543945,19.14466094970703,110.15963745117188,964937.25
412,50,6.050632476806641,22.366548538208008,132.4894561767578,973969.3125
413,50,6.101526737213135,26.800045013427734,145.19395446777344,995081.25
414,50,6.020638942718506,25.734140396118164,134.1122283935547,996397.75
415,50,5.9783196449279785,23.259735107421875,144.15798950195312,1001751.375
416,50,6.023703098297119,20.820526123046875,127.77720642089844,975791.625
417,50,5.960206985473633,18.428905487060547,99.73344421386719,958185.25
418,50,5.992773056030273,25.111955642700195,126.60826873779297,1002638.9375
419,50,6.11128568649292,20.67947769165039,108.01652526855469,981833.0
420,50,6.022548198699951,20.53316879272461,109.75639343261719,985302.0625
421,50,6.010847091674805,21.28495979309082,133.53175354003906,960148.5
422,50,6.124405860900879,23.334758758544922,139.29600524902344,1010413.8125
423,50,5.933318138122559,23.925947189331055,145.20936584472656,1000694.75
424,50,6.116890907287598,19.296619415283203,107.5324935913086,969826.8125
425,50,5.969427585601807,19.71381378173828,91.74195098876953,978246.75
426,50,6.052471160888672,21.158788681030273,121.49138641357422,976969.4375
427,50,6.093820095062256,25.030332565307617,135.17674255371094,996012.75
428,50,5.993768215179443,14.122275352478027,62.85882568359375,994154.8125
429,50,6.063023567199707,20.2345027923584,122.77005004882812,994068.75
430,50,6.0642476081848145,15.585254669189453,77.31791687011719,983140.5625
431,50,6.0445990562438965,16.700271606445312,84.97415161132812,992551.75
432,50,6.041790962219238,20.699670791625977,130.8458709716797,1002702.375
433,50,6.070053577423096,26.774646759033203,133.0262908935547,973172.8125
434,50,5.9727559089660645,14.610443115234375,85.75204467773438,990706.9375
435,50,6.038962364196777,18.88153648376465,99.39331817626953,1006525.125
436,50,6.073302745819092,24.589086532592773,139.56224060058594,968539.8125
437,50,5.992221355438232,19.538766860961914,101.28975677490234,1003661.3125
438,50,5.970905780792236,19.19670867919922,96.3403091430664,973109.0
439,50,6.014420032501221,19.60590171813965,98.13105773925781,962407.5
440,50,5.960326671600342,13.964272499084473,67.90914154052734,970745.875
441,50,6.066501617431641,18.703603744506836,86.86711120605469,987301.8125
442,50,6.004627227783203,12.757475852966309,60.66218566894531,956780.0625
443,50,6.1074018478393555,9.67313003540039,60.94199752807617,988495.0625
444,50,6.027304172515869,15.53993034362793,73.15495300292969,978209.875
445,50,6.090421199798584,25.104936599731445,155.691650390625,953087.625
446,50,6.108364582061768,22.843610763549805,142.15826416015625,981982.9375
447,50,6.122311592102051,24.319805145263672,151.585693359375,967529.125
448,50,6.008392333984375,12.77946949005127,67.71533966064453,968812.4375
449,50,6.025786399841309,14.659869194030762,68.06731414794922,995129.3125
450,50,6.106997966766357,23.125253677368164,132.04421997070312,973182.1875
451,50,6.078876495361328,23.4178409576416,132.28440856933594,993386.75
452,50,6.1104559898376465,18.697872161865234,133.9578094482422,985450.5
453,50,6.098021030426025,24.767913818359375,135.04168701171875,968733.1875
454,50,6.093926429748535,18.791109085083008,113.20465850830078,991842.0
455,50,5.974137306213379,26.7424259185791,121.25334930419922,994835.0625
456,50,6.116135597229004,20.637964248657227,113.35590362548828,962657.3125
457,50,6.01392126083374,22.442691802978516,131.06240844726562,976828.375
458,50,5.9722723960876465,14.796972274780273,78.69898986816406,986154.8125
459,50,5.962154865264893,27.464048385620117,128.85543823242188,964071.625
460,50,6.101677894592285,23.904823303222656,128.13833618164062,1010171.25
461,50,6.068696975708008,19.388996124267578,122.36848449707031,963078.25
462,50,6.042212963104248,17.849451065063477,97.23644256591797,983213.0
463,50,6.074259281158447,18.579729080200195,76.35903930664062,989261.3125
464,50,5.979841232299805,24.82036781311035,127.01618194580078,993967.9375
465,50,6.116695880889893,21.989835739135742,142.47335815429688,975852.4375
466,50,6.100776195526123,24.475955963134766,138.92237854003906,975675.8125
467,50,6.04679012298584,23.104026794433594,136.58319091796875,992687.125
468,50,6.0869927406311035,20.852983474731445,140.43299865722656,988549.5
469,50,5.9348039627075195,14.841830253601074,87.62123107910156,971183.0
470,50,6.000607013702393,21.63670539855957,128.63319396972656,994901.25
471,50,6.0758795738220215,20.919353485107422,118.87101745605469,1000160.375
472,50,6.054213047027588,17.075490951538086,105.0594482421875,967398.1875
473,50,6.068434238433838,22.978696823120117,104.48933410644531,979031.75
474,50,5.961480140686035,28.3998966217041,128.3822479248047,964354.75
475,50,6.111746311187744,24.53354263305664,139.72677612304688,988133.1875
476,50,6.094537734985352,25.79757308959961,144.94137573242188,964747.9375
477,50,6.093066215515137,19.273609161376953,106.9959945678711,971154.4375
478,50,6.117733001708984,9.71628189086914,56.678184509277344,1002753.4375
479,50,6.0417914390563965,21.61840057373047,97.62129211425781,993914.25
480,50,6.089288234710693,26.47463035583496,140.2108612060547,984900.125
481,50,5.997106552124023,15.337729454040527,65.84451293945312,979595.0625
482,50,6.098251819610596,23.029272079467773,145.68797302246094,965812.5
483,50,5.963195323944092,13.718435287475586,52.880126953125,988757.875
484,50,6.084455490112305,20.73499298095703,133.61361694335938,980036.9375
485,50,6.057968616485596,23.30341911315918,143.0611114501953,1009049.125
486,50,6.112155914306641,15.741751670837402,122.67289733886719,989553.25
487,50,6.082241058349609,17.506689071655273,80.99858856201172,976720.125
488,50,5.9743475914001465,29.366092681884766,135.6781005859375,973564.6875
489,50,6.0528998374938965,19.106962203979492,102.14920043945312,991673.5
490,50,6.0227861404418945,19.396465301513672,103.9191665649414,1006871.9375
491,50,5.983036518096924,25.053302764892578,124.24583435058594,993527.0625
492,50,5.935614585876465,14.933980941772461,80.99735260009766,990689.5625
493,50,6.0360002517700195,15.21850299835205,80.60730743408203,978468.0625
494,50,6.0185089111328125,23.82052993774414,139.7790069580078,961550.75
495,50,6.062932014465332,19.574146270751953,117.8836441040039,973049.625
496,50,5.971303462982178,18.249980926513672,108.10698699951172,987355.25
497,50,6.052018642425537,15.359846115112305,68.82667541503906,989468.0625
498,50,5.985597133636475,14.121756553649902,58.206722259521484,968070.375
499,50,6.080194473266602,18.73273468017578,116.23320007324219,965366.25
500,50,6.026625633239746,19.54810333251953,128.6574249267578,1000030.1875
501,50,6.060731887817383,18.553586959838867,105.34162139892578,987397.6875
502,50,5.98564338684082,17.383668899536133,106.62406921386719,974085.625
503,50,6.033246040344238,21.78228187561035,108.7219009399414,969945.3125
504,50,6.092021942138672,24.0869140625,147.58802795410156,995534.5625
505,50,5.989964008331299,19.727575302124023,106.75843048095703,1009975.1875
506,50,6.066545486450195,15.80843734741211,75.61669921875,970440.5
507,50,6.055871963500977,17.382291793823242,73.46244049072266,962947.75
508,50,5.979940414428711,20.88620948791504,111.56145477294922,969951.5
509,50,6.0248212814331055,19.789852142333984,120.39971160888672,976093.0625
510,50,6.043949604034424,20.179058074951172,105.27193450927734,990134.9375
511,50,5.954300880432129,16.847789764404297,89.1776123046875,1022717.375
512,50,6.0847578048706055,21.29575538635254,85.25218963623047,978148.5625
513,50,6.0353827476501465,15.52546215057373,72.98474884033203,992435.5
514,50,5.980013370513916,19.564180374145508,93.51528930664062,972165.8125
515,50,5.993088722229004,12.997385025024414,57.40745162963867,975584.5625
516,50,6.009092807769775,14.848734855651855,63.6701774597168,998647.3125
517,50,6.035438060760498,21.426237106323242,95.29362487792969,995684.75
518,50,6.083085060119629,24.15291404724121,115.95454406738281,965295.125
519,50,5.979951858520508,21.218854904174805,137.85731506347656,985026.375
520,50,6.025640487670898,16.113542556762695,66.6747817993164,987226.1875
521,50,6.082300662994385,22.98509979248047,107.9776382446289,963080.75
522,50,5.998012542724609,26.356748580932617,139.4189453125,969168.125
523,50,6.058196067810059,23.785627365112305,114.9112319946289,994314.625
524,50,6.1294403076171875,27.780874252319336,144.2627716064453,972116.625
525,50,6.107316970825195,19.700443267822266,135.4715118408203,1003706.4375
526,50,5.977858066558838,19.917728424072266,124.0653305053711,969598.6875
527,50,6.064922332763672,20.332780838012695,103.6820068359375,992024.9375
528,50,5.985874176025391,26.318775177001953,139.64686584472656,968174.6875
529,50,6.088502407073975,27.77281379699707,123.97870635986328,976606.5
530,50,6.030048370361328,18.531614303588867,118.98479461669922,974853.875
531,50,6.075254917144775,24.662525177001953,133.74209594726562,987600.5
532,50,5.945192813873291,14.71603775024414,90.09741973876953,981434.9375
533,50,6.08839225769043,22.393585205078125,136.88690185546875,1005580.75
534,50,6.096919059753418,25.643186569213867,143.0509490966797,985575.875
535,50,6.033318042755127,21.322423934936523,110.18965148925781,994274.1875
536,50,6.032500743865967,14.241739273071289,64.9449462890625,968030.1875
537,50,6.019128799438477,24.053529739379883,134.96896362304688,997248.5625
538,50,6.106431007385254,26.12371826171875,149.32659912109375,971574.5
539,50,6.12222957611084,23.250675201416016,111.6390609741211,989855.5625
540,50,6.09870719909668,20.05754280090332,115.27129364013672,1014416.25
541,50,5.951335430145264,16.559125900268555,79.4449234008789,991615.6875
542,50,5.98419189453125,20.885250091552734,103.4894790649414,970395.625
543,50,6.0298380851745605,23.182514190673828,128.08470153808594,980118.75
544,50,6.002502918243408,16.163537979125977,86.4952163696289,983185.125
545,50,5.935359477996826,18.202816009521484,99.64685821533203,983087.5
546,50,6.014908790588379,25.62082290649414,132.02650451660156,982854.125
547,50,6.130949974060059,20.297510147094727,116.04507446289062,987915.125
548,50,6.129969596862793,21.43742561340332,111.0408935546875,983216.0
549,50,6.025002956390381,19.66065788269043,104.9436264038086,986178.8125
550,50,6.038257598876953,27.1822452545166,143.93304443359375,974084.5625
551,50,6.054592609405518,14.940781593322754,79.42047882080078,1000677.0
552,50,6.0320234298706055,21.345014572143555,109.71764373779297,976488.3125
553,50,6.121129035949707,25.32971954345703,145.63150024414062,992123.6875
554,50,6.034300804138184,18.785303115844727,96.93911743164062,981731.5
555,50,6.037827491760254,16.82805824279785,110.6796875,991987.375
556,50,5.9731903076171875,24.880292892456055,127.93941497802734,971994.625
557,50,6.096582889556885,27.254209518432617,152.07275390625,977757.5
558,50,6.019260883331299,15.340776443481445,69.5655517578125,979229.8125
559,50,5.975212574005127,27.616891860961914,128.78713989257812,976446.5625
560,50,6.0102314949035645,21.02584457397461,113.87306213378906,978363.3125
561,50,5.931766033172607,15.967294692993164,83.45049285888672,984336.9375
562,50,6.139834880828857,19.79654312133789,112.92333984375,968211.4375
563,50,5.938666343688965,22.913837432861328,121.90211486816406,974726.125
564,50,5.9998064041137695,21.13567352294922,123.52963256835938,987733.5
565,50,6.012228965759277,20.698909759521484,105.47218322753906,996062.1875
566,50,6.035454273223877,19.169694900512695,103.17810821533203,979841.5
567,50,6.182305335998535,21.32091522216797,122.5701675415039,962060.875
568,50,6.099309921264648,25.664722442626953,133.36953735351562,1005794.6875
569,50,6.098091125488281,27.443031311035156,149.05474853515625,1005304.4375
570,50,6.044966220855713,19.443811416625977,114.3908462524414,1011980.6875
571,50,6.1439208984375,28.68602180480957,163.60009765625,977666.0
572,50,6.059795379638672,18.810951232910156,124.39282989501953,987102.4375
573,50,6.034415245056152,26.201765060424805,128.91392517089844,993678.6875
574,50,6.059019565582275,19.580602645874023,108.79736328125,965254.125
575,50,5.991729259490967,23.948326110839844,125.16158294677734,993927.25
576,50,5.991934299468994,15.519533157348633,60.10988998413086,963683.5
577,50,5.952836513519287,11.239439964294434,55.75288772583008,988402.8125
578,50,6.044686794281006,19.6833553314209,104.22862243652344,987967.3125
579,50,5.951314926147461,21.528356552124023,92.88489532470703,985151.3125
580,50,5.930309295654297,19.167158126831055,100.57533264160156,1005757.5625
581,50,6.069505214691162,19.112152099609375,81.63667297363281,973506.875
582,50,6.008180618286133,21.51053237915039,136.17794799804688,975629.4375
583,50,6.034024238586426,15.355026245117188,66.16923522949219,986363.0625
584,50,6.123458385467529,19.639087677001953,158.35011291503906,980757.125
585,50,5.998234272003174,21.9381046295166,128.79083251953125,968160.875
586,50,6.092299938201904,23.311847686767578,143.98008728027344,949396.0
587,50,6.0605926513671875,20.22526741027832,107.65621948242188,1008308.625
588,50,6.1315131187438965,15.515318870544434,131.31838989257812,1000381.4375
589,50,6.022832870483398,15.243087768554688,72.79279327392578,997636.5625
590,50,5.979369640350342,17.3616886138916,96.56977844238281,1014198.6875
591,50,5.996542453765869,14.458081245422363,63.90843200683594,974251.3125
592,50,6.040225982666016,20.298091888427734,102.22058868408203,977708.1875
593,50,6.002699851989746,22.986127853393555,142.92405700683594,990293.75
594,50,6.0119733810424805,20.08485984802246,122.72722625732422,971863.3125
595,50,6.038844585418701,23.351850509643555,112.32640075683594,962833.3125
596,50,6.147793292999268,17.084144592285156,118.19961547851562,990301.375
597,50,6.011677265167236,21.646137237548828,134.1292266845703,957267.1875
598,50,6.014876842498779,13.028166770935059,60.7868537902832,974071.375
599,50,6.008983612060547,18.949586868286133,128.79208374023438,993529.625
600,50,6.047667026519775,19.82765769958496,97.50552368164062,993320.1875
601,50,6.126808166503906,20.750938415527344,117.94107055664062,989581.375
602,50,6.035741806030273,20.432126998901367,118.24111938476562,964819.875
603,50,6.04647970199585,22.48270606994629,125.27384948730469,968583.9375
604,50,6.081401824951172,20.965839385986328,126.77809143066406,1004966.75
605,50,5.974777698516846,17.29106903076172,87.82503509521484,965226.1875
606,50,6.03197717666626,18.147518157958984,95.34064483642578,1002158.4375
607,50,6.0259928703308105,22.489803314208984,108.59333801269531,983764.1875
608,50,6.0150299072265625,21.15104103088379,121.60445404052734,996770.5625
609,50,6.098527431488037,19.320606231689453,109.88755798339844,983518.625
610,50,5.999884128570557,22.595853805541992,133.5144500732422,978079.5
611,50,6.030073165893555,17.385717391967773,67.95038604736328,998881.875
612,50,6.118724822998047,18.08416748046875,108.48539733886719,1014122.875
613,50,5.946194648742676,22.656129837036133,100.67668151855469,973143.5625
614,50,5.970383644104004,16.697025299072266,91.11116027832031,989870.0
615,50,6.026989936828613,24.645360946655273,137.08828735351562,986059.375
616,50,6.115373611450195,14.334478378295898,118.26371765136719,1004446.0
617,50,6.114356517791748,21.86527442932129,139.44052124023438,992775.4375
618,50,6.0407257080078125,21.585012435913086,116.3781967163086,971074.9375
619,50,5.918825626373291,18.07392120361328,69.37085723876953,984889.5625
620,50,6.134554862976074,18.419862747192383,112.21064758300781,982905.0
621,50,6.088133811950684,21.76696014404297,115.99716186523438,974985.3125
622,50,6.0269012451171875,20.947574615478516,127.70271301269531,990604.3125
623,50,6.035496234893799,24.528411865234375,121.21379852294922,1001857.0
624,50,6.044267654418945,23.38818359375,137.46888732910156,996178.9375
625,50,5.983344554901123,22.536571502685547,103.27882385253906,965201.875
626,50,6.094405174255371,19.90016746520996,95.18135070800781,972495.75
627,50,6.119682788848877,18.31907844543457,118.29361724853516,985299.75
628,50,6.082583427429199,25.038177490234375,149.55230712890625,992848.375
629,50,6.132711410522461,27.799684524536133,142.4621124267578,982393.75
630,50,6.064523696899414,16.31194496154785,76.1374740600586,1005400.25
631,50,6.0298919677734375,21.423269271850586,116.4775619506836,979293.4375
632,50,6.061582088470459,17.839269638061523,83.339111328125,973963.875
633,50,6.058816909790039,17.57038688659668,110.78535461425781,971747.3125
634,50,5.961759567260742,24.44394302368164,117.33543395996094,995288.375
635,50,6.005300045013428,18.01581573486328,86.72677612304688,980727.5
636,50,6.009152889251709,28.72903823852539,138.04843139648438,967190.125
637,50,6.084176063537598,24.5072078704834,147.69610595703125,1000924.125
638,50,6.036724090576172,18.423017501831055,109.4973373413086,972782.25
639,50,5.992600917816162,21.969972610473633,106.7315673828125,970538.5625
640,50,6.027466773986816,18.354419708251953,104.8683090209961,969613.3125
641,50,6.045700550079346,17.654224395751953,104.47913360595703,960212.625
642,50,5.980855464935303,15.825054168701172,108.8653335571289,1007437.5625
643,50,6.124609470367432,25.90447425842285,135.57521057128906,970941.8125
644,50,6.030745506286621,17.098581314086914,74.2710952758789,994265.125
645,50,6.006066799163818,21.859996795654297,128.322998046875,981951.5625
646,50,6.126384258270264,24.96593475341797,132.8216094970703,982444.625
647,50,5.99688196182251,19.355838775634766,124.62055969238281,983669.375
648,50,6.04628324508667,19.65099334716797,111.36363983154297,980922.9375
649,50,6.044619083404541,20.96568489074707,124.00578308105469,979890.1875
650,50,5.987363338470459,20.248199462890625,128.6248321533203,977506.375
651,50,5.985865116119385,17.930713653564453,112.60204315185547,992568.1875
652,50,6.003537654876709,22.56061363220215,134.64047241210938,987741.125
653,50,6.088592529296875,23.17618179321289,130.15733337402344,987479.25
654,50,6.09930419921875,24.535442352294922,105.72229766845703,968884.3125
655,50,6.056149482727051,24.02635383605957,136.84228515625,982851.625
656,50,5.984333038330078,21.202465057373047,133.9744873046875,956629.3125
657,50,5.972665309906006,21.405759811401367,126.33645629882812,965248.0
658,50,5.932109832763672,18.82706069946289,85.01797485351562,965538.25
659,50,6.126828193664551,19.806575775146484,116.09557342529297,985848.5625
660,50,6.1581549644470215,19.386505126953125,115.49884796142578,995913.0625
661,50,5.980829238891602,11.646841049194336,59.873023986816406,978578.0
662,50,6.071926116943359,18.05670928955078,89.3687515258789,971229.3125
663,50,6.108047008514404,22.60055923461914,133.93698120117188,985332.0625
664,50,6.0862298011779785,22.67188835144043,139.21798706054688,973220.5625
665,50,5.988731861114502,24.7737979888916,127.34422302246094,973759.875
666,50,6.088428974151611,20.438913345336914,134.53659057617188,998342.5625
667,50,5.961709022521973,12.968576431274414,54.54832458496094,984100.125
668,50,6.110134124755859,19.964223861694336,111.39451599121094,1002376.0
669,50,6.0612874031066895,20.79920768737793,107.18010711669922,992617.875
670,50,6.029036998748779,15.754963874816895,71.70970153808594,975320.375
671,50,6.092123031616211,23.496049880981445,144.96392822265625,973317.5625
672,50,6.033082485198975,16.622211456298828,69.61537170410156,952429.9375
673,50,6.013116359710693,24.20063591003418,130.52903747558594,978594.5
674,50,5.953570365905762,11.825672149658203,49.94854736328125,965684.6875
675,50,6.072386264801025,15.651410102844238,79.10584259033203,972601.25
676,50,6.105043411254883,25.871965408325195,147.60546875,973030.3125
677,50,6.08262825012207,24.720245361328125,136.25070190429688,974295.375
678,50,5.996082305908203,16.08283233642578,88.67280578613281,996060.25
679,50,5.997689247131348,23.801179885864258,134.67340087890625,983047.625
680,50,6.127318382263184,21.069189071655273,115.1450424194336,960825.25
681,50,6.067661762237549,20.843679428100586,112.7970199584961,973007.9375
682,50,5.998861312866211,23.8848876953125,138.3535919189453,994298.6875
683,50,6.129555702209473,24.36414909362793,152.94837951660156,994520.1875
684,50,6.110589027404785,24.610990524291992,149.721435546875,951983.8125
685,50,6.103726387023926,23.824840545654297,136.40029907226562,993311.75
686,50,6.071013927459717,18.75494384765625,110.54403686523438,983645.875
687,50,5.982256889343262,18.228084564208984,134.75978088378906,994976.1875
688,50,6.022283554077148,19.95667266845703,126.0503921508789,1001889.5625
689,50,6.100701808929443,21.778827667236328,124.10243225097656,1000634.1875
690,50,6.020266056060791,19.811973571777344,111.61861419677734,984984.75
691,50,6.123241901397705,21.923030853271484,115.5625991821289,977153.0625
692,50,6.163272380828857,20.389122009277344,119.72052764892578,960239.375
693,50,5.964840888977051,21.91376495361328,121.23583221435547,987240.3125
694,50,6.049478530883789,17.129343032836914,95.83675384521484,974446.5
695,50,5.976003170013428,23.713991165161133,133.62229919433594,990130.0
696,50,6.110407829284668,18.367664337158203,131.83883666992188,1021824.625
697,50,6.036316871643066,16.215290069580078,99.47683715820312,976322.375
698,50,6.108786582946777,27.45948600769043,147.78285217285156,981838.375
699,50,6.038389205932617,15.402539253234863,74.59207916259766,977986.25
700,50,6.002050399780273,25.30477523803711,133.84422302246094,973187.0
701,50,5.985511302947998,13.742931365966797,56.38304138183594,967318.625
702,50,6.013236999511719,22.047931671142578,132.18907165527344,981427.0
703,50,6.120149612426758,23.755006790161133,139.23777770996094,987072.75
704,50,6.032063007354736,22.43128776550293,128.29513549804688,974220.875
705,50,6.033231258392334,16.232770919799805,70.40089416503906,981601.8125
706,50,5.948716163635254,13.772869110107422,77.6330795288086,972910.5
707,50,6.035999298095703,16.646825790405273,77.5799331665039,958387.9375
708,50,6.0141472816467285,16.609779357910156,76.93998718261719,1002195.0625
709,50,6.019289970397949,20.95722007751465,98.9822006225586,983298.0625
710,50,6.020418167114258,15.053499221801758,67.45069122314453,976472.1875
711,50,6.042553901672363,18.027536392211914,79.68734741210938,953244.625
712,50,6.008317470550537,20.063798904418945,126.62047576904297,972597.25
713,50,6.1219482421875,26.01772117614746,143.47715759277344,971141.5625
714,50,5.9966816902160645,21.505352020263672,131.3852996826172,982500.75
715,50,5.988927364349365,15.137236595153809,61.04660415649414,977609.375
716,50,6.056670665740967,15.250590324401855,78.72042846679688,983606.5625
717,50,6.065156936645508,20.03407096862793,105.55403900146484,980483.8125
718,50,5.961470603942871,12.012051582336426,48.711612701416016,983592.625
719,50,6.008044719696045,22.816884994506836,139.4946746826172,967866.75
720,50,6.126013278961182,26.76600456237793,147.88099670410156,980579.25
721,50,5.951630592346191,14.342337608337402,73.82925415039062,955313.0
722,50,6.162209510803223,21.15989875793457,109.87105560302734,999765.8125
723,50,5.946512222290039,22.20107650756836,98.087646484375,993561.8125
724,50,6.006491661071777,19.20170783996582,104.18547058105469,975312.25
725,50,6.0280442237854,17.166173934936523,69.5320053100586,990280.5
726,50,5.983067989349365,11.15231704711914,54.94906234741211,993024.875
727,50,5.957179069519043,16.969776153564453,92.0508041381836,947030.1875
728,50,6.137603759765625,21.69933319091797,154.86341857910156,1021976.6875
729,50,5.946358680725098,14.159151077270508,63.064308166503906,1008584.125
730,50,6.059947967529297,20.653827667236328,106.593505859375,993786.25
731,50,6.0045623779296875,15.591798782348633,88.97221374511719,982323.125
732,50,6.108031272888184,23.047740936279297,137.609130859375,981544.6875
733,50,6.096097469329834,18.423683166503906,106.93649291992188,1008083.9375
734,50,6.012847423553467,22.246334075927734,126.4647445678711,973723.6875
735,50,6.004386901855469,23.948183059692383,127.26002502441406,980416.5625
736,50,6.023581504821777,22.088655471801758,133.07054138183594,999086.1875
737,50,6.027963638305664,23.70183753967285,139.02621459960938,985761.3125
738,50,6.0232768058776855,18.479211807250977,129.44979858398438,985957.75
739,50,6.012325286865234,17.0692081451416,97.83023834228516,960917.5
740,50,5.978809833526611,24.062824249267578,128.69528198242188,995533.25
741,50,6.026679992675781,20.976789474487305,103.0174331665039,964350.0
742,50,6.113094806671143,21.512537002563477,139.42881774902344,976740.9375
743,50,6.097197532653809,24.27210235595703,145.20692443847656,991915.375
744,50,5.988539695739746,22.689823150634766,128.09365844726562,981443.25
745,50,5.952761650085449,24.672710418701172,130.4342803955078,985946.6875
746,50,6.010213375091553,22.0422306060791,124.68392181396484,975920.375
747,50,6.059440612792969,22.022735595703125,111.41141510009766,978625.125
748,50,6.011317253112793,21.343448638916016,94.68997955322266,981364.5
749,50,6.0101470947265625,13.244039535522461,63.776588439941406,992885.0625
750,50,5.997214317321777,20.397706985473633,126.8413314819336,989366.5
751,50,5.954404830932617,15.021809577941895,73.11021423339844,988187.375
752,50,6.0274977684021,20.57237434387207,134.2863006591797,956603.3125
753,50,5.999571800231934,23.380273818969727,135.26365661621094,982123.5625
754,50,6.0186920166015625,24.678672790527344,137.94241333007812,995755.0
755,50,6.0819478034973145,17.96599769592285,101.23087310791016,970333.25
756,50,6.032435417175293,14.512388229370117,72.31708526611328,973813.125
757,50,5.945558071136475,21.139280319213867,100.37981414794922,987990.625
758,50,6.00001859664917,22.25151824951172,106.5513687133789,994166.875
759,50,6.100571155548096,19.631452560424805,114.71593475341797,982408.125
760,50,6.031777858734131,12.919967651367188,66.03113555908203,976988.625
761,50,6.081460952758789,21.985694885253906,109.74899291992188,988095.9375
762,50,5.99051570892334,17.115827560424805,85.41555786132812,966643.0625
763,50,6.100804328918457,7.2721757888793945,51.88136291503906,999729.3125
764,50,6.0430169105529785,13.946711540222168,69.07540893554688,990237.1875
765,50,5.9681830406188965,28.31137466430664,141.95999145507812,998498.125
766,50,6.04617977142334,16.719186782836914,79.3689193725586,964628.375
767,50,6.091285228729248,24.185970306396484,144.65567016601562,970185.25
768,50,5.976354598999023,13.303396224975586,60.46388626098633,964225.0625
769,50,5.997364044189453,18.69158935546875,94.86172485351562,971906.6875
770,50,5.987906455993652,12.995379447937012,54.54736328125,1006069.5
771,50,5.99995231628418,20.752235412597656,133.07672119140625,992903.125
772,50,6.121462821960449,14.53870677947998,126.30850219726562,991694.625
773,50,6.178727626800537,22.219627380371094,112.81568145751953,967673.25
774,50,6.097373008728027,26.74794578552246,151.1525421142578,996449.125
775,50,6.088263511657715,22.58066749572754,135.35931396484375,969854.8125
776,50,5.957424163818359,17.27092742919922,99.58335876464844,991720.75
777,50,6.053793907165527,24.30445671081543,131.70880126953125,983816.3125
778,50,6.02415657043457,15.706441879272461,69.78858184814453,977409.5
779,50,6.020622253417969,23.244916915893555,138.79090881347656,987262.1875
780,50,6.00380277633667,26.563039779663086,132.00340270996094,982114.875
781,50,5.993577480316162,19.982812881469727,99.76775360107422,994738.0625
782,50,6.080206394195557,18.14018440246582,112.27006530761719,1002363.5
783,50,6.088473796844482,17.339468002319336,76.58187103271484,973901.25
784,50,6.05088996887207,20.137903213500977,114.25031280517578,996016.0625
785,50,6.050458908081055,18.525487899780273,109.88557434082031,994979.25
786,50,6.091748237609863,17.884727478027344,99.42961120605469,962638.3125
787,50,6.056882858276367,14.432064056396484,77.37421417236328,983675.25
788,50,6.062198162078857,15.889516830444336,113.98811340332031,973615.6875
789,50,5.986926555633545,24.52732276916504,138.98512268066406,995553.75
790,50,5.979184627532959,21.965818405151367,132.73826599121094,988631.1875
791,50,6.105453968048096,21.110713958740234,138.34689331054688,979270.5
792,50,6.00753116607666,15.593286514282227,65.87108612060547,982286.25
793,50,6.0439324378967285,18.191274642944336,98.3787841796875,960622.3125
794,50,5.930209159851074,17.29335594177246,84.04828643798828,976402.375
795,50,6.091296672821045,24.829763412475586,145.42593383789062,976925.9375
796,50,6.091894149780273,23.707674026489258,148.95567321777344,977092.3125
797,50,6.058443546295166,20.339263916015625,115.0035400390625,971036.375
798,50,6.114960193634033,20.743816375732422,110.96570587158203,1006719.3125
799,50,6.074057579040527,25.095346450805664,143.17404174804688,948165.1875
800,50,6.062507152557373,17.05382537841797,87.80120086669922,980836.25
801,50,6.023262023925781,16.520524978637695,92.64500427246094,971519.3125
802,50,5.9889445304870605,24.18284034729004,142.898681640625,1006189.375
803,50,6.102985382080078,27.976154327392578,154.194580078125,987999.3125
804,50,6.1096110343933105,22.416780471801758,132.08236694335938,1002430.75
805,50,6.001296043395996,20.038188934326172,98.53628540039062,996091.5
806,50,6.042654514312744,18.35124969482422,90.35584259033203,979287.75
807,50,6.005666255950928,12.799911499023438,59.715431213378906,989563.625
808,50,6.014150619506836,26.280967712402344,138.77886962890625,978163.25
809,50,5.923464298248291,16.772319793701172,88.70016479492188,960576.625
810,50,6.053272724151611,17.56214141845703,71.90446472167969,969725.5
811,50,6.046926498413086,18.81019401550293,106.10945892333984,968844.8125
812,50,5.985786437988281,19.872371673583984,93.83675384521484,975953.6875
813,50,5.989991188049316,14.020447731018066,61.37144470214844,977381.8125
814,50,6.050439357757568,20.049745559692383,107.32089233398438,985704.1875
815,50,6.0720319747924805,24.482542037963867,141.0847625732422,979868.3125
816,50,6.066224098205566,26.18151092529297,147.6545867919922,979591.9375
817,50,6.09033203125,18.18840980529785,121.7227554321289,994225.5
818,50,6.027574062347412,18.970111846923828,106.46924591064453,994067.8125
819,50,6.053391456604004,26.314661026000977,136.68243408203125,1005402.1875
820,50,6.122125625610352,21.112035751342773,134.5585174560547,964340.875
821,50,6.035726547241211,15.732145309448242,76.05667877197266,964427.0
822,50,5.997896194458008,21.79439353942871,130.0657501220703,973005.9375
823,50,5.974889755249023,12.104158401489258,50.88911437988281,974533.1875
824,50,6.032421588897705,22.69918441772461,130.11434936523438,982529.4375
825,50,6.007716655731201,25.084911346435547,141.01553344726562,968324.125
826,50,5.986991882324219,13.955836296081543,60.161033630371094,966136.0
827,50,6.005739212036133,14.726847648620605,57.942806243896484,990108.375
828,50,6.025190353393555,14.179404258728027,68.3812026977539,1001558.625
829,50,6.099977493286133,19.812965393066406,116.14149475097656,997690.125
830,50,6.136588096618652,24.610349655151367,152.84715270996094,996469.0
831,50,6.037350177764893,19.663021087646484,99.68797302246094,979974.625
832,50,6.052829265594482,25.00379180908203,142.34449768066406,979315.25
833,50,5.970703125,20.899274826049805,129.04771423339844,997961.25
834,50,6.082496643066406,22.56043815612793,139.37496948242188,963228.625
835,50,6.145709991455078,8.989727973937988,60.082618713378906,1013512.375
836,50,5.978124141693115,14.450596809387207,54.240360260009766,979219.75
837,50,6.072726726531982,15.694527626037598,111.3116455078125,972770.75
838,50,6.002976417541504,16.03719139099121,86.71306610107422,974173.25
839,50,6.0874810218811035,25.155078887939453,146.14175415039062,994978.5
840,50,5.9865241050720215,13.273077964782715,54.454566955566406,987291.25
841,50,6.031643867492676,24.645984649658203,130.05740356445312,972070.625
842,50,6.029714584350586,22.664525985717773,127.54183959960938,978345.875
843,50,6.095932483673096,24.085865020751953,139.11871337890625,973052.4375
844,50,6.0170392990112305,24.633197784423828,123.38052368164062,993758.0
845,50,6.011850357055664,15.170938491821289,65.12169647216797,969885.3125
846,50,6.062892913818359,27.268489837646484,136.5621795654297,1002114.5
847,50,6.113426208496094,26.680437088012695,148.625732421875,988198.125
848,50,6.0049872398376465,17.24384307861328,108.82898712158203,971953.3125
849,50,6.004639148712158,15.835199356079102,60.35565948486328,969244.1875
850,50,6.012955188751221,14.976228713989258,61.01045608520508,990935.9375
851,50,6.11749267578125,8.650766372680664,57.188602447509766,1008930.625
852,50,5.988455295562744,12.829142570495605,61.142520904541016,985452.25
853,50,6.083371162414551,23.46919059753418,150.0294952392578,999941.1875
854,50,6.0042548179626465,16.854835510253906,88.19420623779297,989037.0
855,50,6.053468704223633,23.831714630126953,128.76246643066406,999015.0625
856,50,6.1691060066223145,25.051401138305664,123.5586166381836,990960.125
857,50,6.011113166809082,25.537450790405273,138.2145538330078,975598.25
858,50,6.034632205963135,14.04924488067627,71.68140411376953,950373.875
859,50,6.123947620391846,24.721702575683594,153.85215759277344,1001692.4375
860,50,6.099310874938965,18.7145938873291,98.60450744628906,968719.25
861,50,6.024789333343506,20.455120086669922,94.32660675048828,985110.25
862,50,6.117272853851318,24.487918853759766,145.7358856201172,974138.25
863,50,6.113445281982422,19.99264144897461,83.357666015625,998723.875
864,50,6.0692644119262695,27.384571075439453,148.3671112060547,1003702.0625
865,50,6.119014739990234,25.104034423828125,137.35105895996094,981144.5
866,50,5.9814629554748535,25.950382232666016,133.0528106689453,1007187.5625
867,50,6.01401424407959,21.614055633544922,134.03211975097656,993870.4375
868,50,6.015531539916992,14.033169746398926,63.83550262451172,964094.0
869,50,5.991674423217773,18.710651397705078,89.82649230957031,1002432.125
870,50,6.036088943481445,24.783702850341797,111.24166870117188,970641.3125
871,50,6.12057638168335,18.77176856994629,103.52369689941406,1004246.3125
872,50,6.050598621368408,21.270030975341797,105.37969207763672,973622.125
873,50,6.052742958068848,20.4928035736084,135.20562744140625,988404.375
874,50,6.077970027923584,25.068798065185547,141.83912658691406,986052.25
875,50,6.158451557159424,23.372974395751953,115.8278579711914,980506.25
876,50,6.131621837615967,24.52035903930664,122.0757827758789,993034.0
877,50,5.995891571044922,21.821077346801758,124.49613189697266,961371.75
878,50,6.029506683349609,21.308759689331055,95.07997131347656,987404.9375
879,50,6.101658821105957,20.352500915527344,136.82882690429688,966506.8125
880,50,6.0369648933410645,15.625760078430176,68.8838119506836,992411.625
881,50,6.079309463500977,7.006069660186768,48.076438903808594,1023446.6875
882,50,6.113394260406494,25.85907745361328,159.43353271484375,994256.625
883,50,6.00096321105957,17.20685577392578,94.51443481445312,974658.25
884,50,5.961263179779053,13.531977653503418,82.71378326416016,990464.8125
885,50,6.115205764770508,20.685205459594727,135.3000946044922,961910.1875
886,50,6.122818470001221,25.77081871032715,143.99569702148438,983406.1875
887,50,5.981532573699951,12.6393404006958,53.789066314697266,966863.9375
888,50,6.013492584228516,17.858989715576172,99.71126556396484,979788.4375
889,50,6.0322771072387695,28.417593002319336,138.12156677246094,984284.8125
890,50,6.063972473144531,19.98688316345215,111.8521957397461,985231.1875
891,50,6.010963439941406,20.569231033325195,100.5782241821289,961081.25
892,50,6.068419933319092,15.986669540405273,112.04735565185547,1001208.0625
893,50,6.112588882446289,30.18284797668457,152.48690795898438,976167.25
894,50,6.036379814147949,25.159381866455078,128.98648071289062,1002266.625
895,50,6.108273506164551,18.939815521240234,119.3822021484375,978951.75
896,50,6.046720504760742,18.41681480407715,97.26835632324219,998403.875
897,50,6.018782615661621,22.293066024780273,103.58161926269531,964452.4375
898,50,6.015716075897217,14.002333641052246,67.90936279296875,960478.3125
899,50,6.097662925720215,24.871784210205078,145.9029083251953,977156.5
900,50,6.098609447479248,22.30169105529785,143.8339385986328,993234.5625
901,50,6.096599578857422,24.863502502441406,135.84225463867188,986169.6875
902,50,6.116946220397949,24.493114471435547,137.04360961914062,999805.9375
903,50,5.994503974914551,13.001370429992676,56.20609664916992,987828.4375
904,50,5.998360633850098,16.432344436645508,66.55754852294922,959264.75
905,50,6.039886951446533,16.941781997680664,104.05867004394531,1004649.875
906,50,6.128004550933838,19.633930206298828,119.87122344970703,990624.5
907,50,5.993141174316406,21.404245376586914,116.42517852783203,991195.4375
908,50,5.985688209533691,22.979137420654297,126.31978607177734,955122.625
909,50,6.1067705154418945,26.84516716003418,134.27194213867188,980594.9375
910,50,6.0975542068481445,23.8189640045166,139.03872680664062,975898.4375
911,50,6.017989158630371,27.309724807739258,129.00656127929688,983694.25
912,50,5.958909034729004,23.046417236328125,133.66891479492188,983273.1875
913,50,6.124465465545654,23.839792251586914,146.83067321777344,981848.375
914,50,6.122123718261719,26.235740661621094,143.32516479492188,992016.5
915,50,5.95196008682251,10.971057891845703,48.50489044189453,984185.125
916,50,6.045022964477539,15.117144584655762,80.927490234375,1022490.6875
917,50,6.021764755249023,22.183263778686523,102.45853424072266,979019.5
918,50,5.939558506011963,19.61016082763672,106.39680480957031,986698.25
919,50,6.058278560638428,19.87368392944336,86.67339324951172,977818.4375
920,50,6.1093268394470215,20.143840789794922,124.34363555908203,978496.75
921,50,6.014735698699951,21.2269344329834,122.49958801269531,981529.5625
922,50,6.0627007484436035,20.39288330078125,101.0979232788086,981725.5625
923,50,5.959190368652344,16.99173355102539,94.44242095947266,1003063.875
924,50,6.018292427062988,16.74441146850586,93.63777923583984,969170.0625
925,50,6.099425315856934,19.081092834472656,104.79727935791016,980547.75
926,50,6.022441864013672,16.960649490356445,70.19860076904297,995093.0
927,50,5.994828224182129,16.123676300048828,104.5289077758789,1013914.125
928,50,6.026675701141357,18.015932083129883,95.34044647216797,1000996.4375
929,50,6.0468316078186035,16.353107452392578,77.42381286621094,981166.625
930,50,6.004856586456299,18.938413619995117,106.19718170166016,981996.25
931,50,6.10444450378418,20.903690338134766,141.3363494873047,967823.6875
932,50,6.119280815124512,26.692577362060547,141.24864196777344,960998.9375
933,50,5.994091987609863,15.961411476135254,57.660953521728516,972154.8125
934,50,6.016613483428955,19.83576011657715,90.61470031738281,1003788.1875
935,50,6.010652542114258,21.569734573364258,125.12133026123047,999283.4375
936,50,6.092840671539307,7.538029670715332,50.17068099975586,993786.75
937,50,5.993937969207764,21.211008071899414,118.36994934082031,993645.0
938,50,6.030381679534912,16.456212997436523,71.60948181152344,981155.4375
939,50,5.986580848693848,22.70376205444336,134.25384521484375,959745.0
940,50,5.978727340698242,12.970882415771484,59.651668548583984,994231.25
941,50,5.992565155029297,19.089876174926758,117.40283966064453,962330.75
942,50,6.076436519622803,26.260942459106445,144.71456909179688,972349.5
943,50,6.023033618927002,17.58644676208496,91.58966827392578,978165.6875
944,50,6.110929012298584,18.32112693786621,76.4813232421875,959417.8125
945,50,5.974109649658203,29.607410430908203,141.06471252441406,995332.1875
946,50,6.175284385681152,15.685491561889648,131.09707641601562,1009997.8125
947,50,6.047339916229248,19.809118270874023,102.45492553710938,975991.625
948,50,6.004400730133057,26.199857711791992,140.32411193847656,993310.0
949,50,6.021831512451172,22.028024673461914,137.0851287841797,967835.0625
950,50,5.980663776397705,24.86591148376465,140.35633850097656,952788.625
951,50,6.033869743347168,21.892627716064453,116.83658599853516,988923.75
952,50,5.966371059417725,11.307158470153809,49.8355712890625,987886.375
953,50,5.953503608703613,23.57450294494629,123.63613891601562,990605.8125
954,50,6.104701995849609,21.407329559326172,133.11898803710938,991922.5
955,50,5.987850666046143,24.15412139892578,139.76901245117188,967425.75
956,50,6.0534749031066895,15.810121536254883,76.57193756103516,982669.3125
957,50,6.073415279388428,15.399921417236328,71.55520629882812,973551.8125
958,50,6.046907424926758,15.688677787780762,79.48540496826172,979339.8125
959,50,5.995330810546875,17.482126235961914,117.46206665039062,995797.5625
960,50,6.099001407623291,23.289573669433594,136.8576202392578,970700.5
961,50,6.088357448577881,21.935096740722656,145.72340393066406,949942.75
962,50,6.143662452697754,25.299528121948242,123.82320404052734,980137.5
963,50,6.0214667320251465,14.199324607849121,67.24950408935547,979630.4375
964,50,5.957725524902344,15.755471229553223,78.09345245361328,994252.25
965,50,5.941509246826172,13.825448036193848,66.2478256225586,981120.0
966,50,5.984952449798584,13.923529624938965,52.184669494628906,967117.625
967,50,5.954154968261719,19.465303421020508,101.98404693603516,980228.75
968,50,6.003264427185059,14.63390827178955,60.76174545288086,974602.125
969,50,6.059466361999512,18.936767578125,110.15992736816406,958588.75
970,50,6.07818603515625,19.138338088989258,111.61677551269531,983477.375
971,50,6.117308616638184,27.251779556274414,148.150390625,980124.3125
972,50,5.982127666473389,14.770869255065918,55.491878509521484,1014321.25
973,50,6.100346565246582,19.385746002197266,106.37335968017578,975947.0
974,50,6.10605001449585,23.102140426635742,141.5327606201172,972816.875
975,50,6.141367435455322,14.934123039245605,120.82302856445312,994629.6875
976,50,6.029513835906982,22.680540084838867,140.26576232910156,1001674.6875
977,50,6.03818416595459,18.876035690307617,102.2447509765625,940505.125
978,50,6.084003925323486,25.846717834472656,139.7152862548828,971440.0
979,50,6.121044635772705,20.86800765991211,120.16458129882812,994651.625
980,50,6.105057239532471,21.708600997924805,115.10868835449219,975733.375
981,50,6.124501705169678,19.523561477661133,108.89884185791016,1000162.1875
982,50,6.126895427703857,21.545501708984375,108.72905731201172,969831.375
983,50,5.984763145446777,14.68413257598877,70.41056823730469,982086.3125
984,50,6.009189128875732,26.973440170288086,132.3937530517578,983479.5625
985,50,5.984133243560791,20.562822341918945,96.70917510986328,976803.75
986,50,5.948396682739258,19.119752883911133,94.03462982177734,977369.625
987,50,6.123085975646973,25.329917907714844,142.31259155273438,962082.5
988,50,6.021792888641357,14.07789421081543,69.08550262451172,973026.125
989,50,6.019925117492676,18.831737518310547,104.81428527832031,998579.1875
990,50,6.0948052406311035,23.009483337402344,134.4282989501953,989273.625
991,50,6.055490493774414,22.22364616394043,108.73314666748047,1002904.375
992,50,5.999619483947754,23.433595657348633,132.81138610839844,991314.875
993,50,5.954142093658447,22.721561431884766,137.58995056152344,972345.4375
994,50,5.97016716003418,22.581907272338867,128.33595275878906,988556.125
995,50,6.066315174102783,14.910150527954102,105.22699737548828,997439.0625
996,50,6.030982494354248,21.06245994567871,132.0354766845703,984605.875
997,50,6.074466705322266,22.090211868286133,133.69049072265625,985933.4375
998,50,5.92445182800293,22.592180252075195,130.3119659423828,970100.9375
999,50,5.975451469421387,13.05122184753418,79.86734008789062,998731.75
